<?xml version="1.0" encoding='UTF-8' standalone='no' ?>
<!DOCTYPE score-partwise PUBLIC "-//Recordare//DTD MusicXML 3.0 Partwise//EN" "http://www.musicxml.org/dtds/partwise.dtd">
<score-partwise version="3.0">
 <work>
  <work-title>Agnus II</work-title>
 </work>
 <identification>
  <creator type="composer">Josquin des Pres?</creator>
  <creator type="arranger">http://josquin.stanford.edu/work/?id=Jos1002</creator>
  <rights>Copyright © </rights>
  <encoding>
   <encoding-date>2018-07-23</encoding-date>
   <encoder>Jonathan Stuchbery</encoder>
   <software>Sibelius 18.5.0</software>
   <software>Direct export, not from Dolet</software>
   <encoding-description>Sibelius / MusicXML 3.0</encoding-description>
   <supports element="print" type="yes" value="yes" attribute="new-system" />
   <supports element="print" type="yes" value="yes" attribute="new-page" />
   <supports element="accidental" type="yes" />
   <supports element="beam" type="yes" />
   <supports element="stem" type="yes" />
  </encoding>
 </identification>
 <defaults>
  <scaling>
   <millimeters>210</millimeters>
   <tenths>1200</tenths>
  </scaling>
  <page-layout>
   <page-height>1697</page-height>
   <page-width>1200</page-width>
   <page-margins type="both">
    <left-margin>72</left-margin>
    <right-margin>72</right-margin>
    <top-margin>72</top-margin>
    <bottom-margin>72</bottom-margin>
   </page-margins>
  </page-layout>
  <system-layout>
   <system-margins>
    <left-margin>21</left-margin>
    <right-margin>0</right-margin>
   </system-margins>
   <system-distance>92</system-distance>
  </system-layout>
  <appearance>
   <line-width type="stem">0.9375</line-width>
   <line-width type="beam">5</line-width>
   <line-width type="staff">0.9375</line-width>
   <line-width type="light barline">1.5625</line-width>
   <line-width type="heavy barline">5</line-width>
   <line-width type="leger">1.5625</line-width>
   <line-width type="ending">1.5625</line-width>
   <line-width type="wedge">1.25</line-width>
   <line-width type="enclosure">0.9375</line-width>
   <line-width type="tuplet bracket">1.25</line-width>
   <line-width type="bracket">5</line-width>
   <line-width type="dashes">1.5625</line-width>
   <line-width type="extend">0.9375</line-width>
   <line-width type="octave shift">1.5625</line-width>
   <line-width type="pedal">1.5625</line-width>
   <line-width type="slur middle">1.5625</line-width>
   <line-width type="slur tip">0.625</line-width>
   <line-width type="tie middle">1.5625</line-width>
   <line-width type="tie tip">0.625</line-width>
   <note-size type="cue">75</note-size>
   <note-size type="grace">60</note-size>
  </appearance>
  <music-font font-family="Opus Std" font-size="19.8425" />
  <lyric-font font-family="Plantin MT Std" font-size="11.4715" />
  <lyric-language xml:lang="en" />
 </defaults>
 <credit page="1">
  <credit-words default-x="600" default-y="155" font-family="Plantin MT Std" font-style="normal" font-size="22.0128" font-weight="normal" justify="center" valign="middle">Agnus II</credit-words>
 </credit>
 <credit page="1">
  <credit-words default-x="600" default-y="118" font-family="Plantin MT Std" font-style="normal" font-size="13.9518" font-weight="normal" justify="center" valign="middle">Missa Missus est Gabriel Angelus</credit-words>
 </credit>
 <credit page="1">
  <credit-words default-x="1127" default-y="84" font-family="Plantin MT Std" font-style="normal" font-size="11.0064" font-weight="normal" justify="right" valign="middle">Josquin des Pres?</credit-words>
 </credit>
 <credit page="2">
  <credit-words default-x="72" default-y="1624" font-style="normal" font-weight="normal" justify="left" valign="middle">2</credit-words>
 </credit>
 <part-list>
  <part-group type="start" number="1">
   <group-symbol>bracket</group-symbol>
  </part-group>
  <score-part id="P1">
   <part-name>Tenor</part-name>
   <part-name-display>
    <display-text>Tenor</display-text>
   </part-name-display>
   <score-instrument id="P1-I1">
    <instrument-name>Tenor</instrument-name>
    <virtual-instrument>
     <virtual-library>General MIDI</virtual-library>
     <virtual-name>Tenor Ensemble</virtual-name>
    </virtual-instrument>
   </score-instrument>
  </score-part>
  <score-part id="P2">
   <part-name>Bassus</part-name>
   <part-name-display>
    <display-text>Bassus</display-text>
   </part-name-display>
   <score-instrument id="P2-I1">
    <instrument-name>Bass (2)</instrument-name>
    <virtual-instrument>
     <virtual-library>General MIDI</virtual-library>
     <virtual-name>Bass Ensemble</virtual-name>
    </virtual-instrument>
   </score-instrument>
  </score-part>
  <part-group type="stop" number="1" />
 </part-list>
 <part id="P1">
  <!--============== Part: P1, Measure: 1 ==============-->
  <measure number="1" width="209">
   <print new-page="yes">
    <system-layout>
     <system-margins>
      <left-margin>91</left-margin>
      <right-margin>0</right-margin>
     </system-margins>
     <top-system-distance>218</top-system-distance>
    </system-layout>
   </print>
   <attributes>
    <divisions>256</divisions>
    <key color="#000000">
     <fifths>-1</fifths>
     <mode>major</mode>
    </key>
    <time color="#000000">
     <beats>2</beats>
     <beat-type>1</beat-type>
    </time>
    <staves>1</staves>
    <clef number="1" color="#000000">
     <sign>G</sign>
     <line>2</line>
     <clef-octave-change>-1</clef-octave-change>
    </clef>
    <staff-details number="1" print-object="yes" />
    <transpose>
     <diatonic>0</diatonic>
     <chromatic>0</chromatic>
     <octave-change>-1</octave-change>
    </transpose>
   </attributes>
   <note default-x="91">
    <rest />
    <duration>2048</duration>
    <instrument id="P1-I1" />
    <voice>1</voice>
    <type>whole</type>
    <staff>1</staff>
   </note>
  </measure>
  <!--============== Part: P1, Measure: 2 ==============-->
  <measure number="2" width="198">
   <note default-x="15">
    <rest />
    <duration>2048</duration>
    <instrument id="P1-I1" />
    <voice>1</voice>
    <type>whole</type>
    <staff>1</staff>
   </note>
  </measure>
  <!--============== Part: P1, Measure: 3 ==============-->
  <measure number="3" width="293">
   <note color="#000000" default-x="15">
    <pitch>
     <step>A</step>
     <octave>3</octave>
    </pitch>
    <duration>2048</duration>
    <instrument id="P1-I1" />
    <voice>1</voice>
    <type>breve</type>
    <staff>1</staff>
   </note>
  </measure>
  <!--============== Part: P1, Measure: 4 ==============-->
  <measure number="4" width="263">
   <note color="#000000" default-x="15">
    <pitch>
     <step>A</step>
     <octave>3</octave>
    </pitch>
    <duration>1024</duration>
    <instrument id="P1-I1" />
    <voice>1</voice>
    <type>whole</type>
    <staff>1</staff>
   </note>
   <note color="#000000" default-x="139">
    <pitch>
     <step>A</step>
     <octave>3</octave>
    </pitch>
    <duration>1024</duration>
    <tie type="start" />
    <instrument id="P1-I1" />
    <voice>1</voice>
    <type>whole</type>
    <staff>1</staff>
    <notations>
     <tied type="start" orientation="under" />
    </notations>
   </note>
  </measure>
  <!--============== Part: P1, Measure: 5 ==============-->
  <measure number="5" width="320">
   <print new-system="yes">
    <system-layout>
     <system-margins>
      <left-margin>22</left-margin>
      <right-margin>0</right-margin>
     </system-margins>
     <system-distance>105</system-distance>
    </system-layout>
   </print>
   <attributes>
    <staff-details number="1" print-object="yes" />
   </attributes>
   <note color="#000000" default-x="73" default-y="10">
    <pitch>
     <step>A</step>
     <octave>3</octave>
    </pitch>
    <duration>512</duration>
    <tie type="stop" />
    <instrument id="P1-I1" />
    <voice>1</voice>
    <type>half</type>
    <stem>up</stem>
    <staff>1</staff>
    <notations>
     <tied type="stop" orientation="under" />
    </notations>
   </note>
   <note color="#000000" default-x="132" default-y="5">
    <pitch>
     <step>G</step>
     <octave>3</octave>
    </pitch>
    <duration>256</duration>
    <instrument id="P1-I1" />
    <voice>1</voice>
    <type>quarter</type>
    <stem>up</stem>
    <staff>1</staff>
   </note>
   <note color="#000000" default-x="167">
    <pitch>
     <step>F</step>
     <octave>3</octave>
    </pitch>
    <duration>256</duration>
    <instrument id="P1-I1" />
    <voice>1</voice>
    <type>quarter</type>
    <stem>up</stem>
    <staff>1</staff>
   </note>
   <note color="#000000" default-x="202" default-y="5">
    <pitch>
     <step>G</step>
     <octave>3</octave>
    </pitch>
    <duration>512</duration>
    <instrument id="P1-I1" />
    <voice>1</voice>
    <type>half</type>
    <stem>up</stem>
    <staff>1</staff>
   </note>
   <note color="#000000" default-x="261" default-y="10">
    <pitch>
     <step>A</step>
     <octave>3</octave>
    </pitch>
    <duration>512</duration>
    <instrument id="P1-I1" />
    <voice>1</voice>
    <type>half</type>
    <stem>up</stem>
    <staff>1</staff>
   </note>
  </measure>
  <!--============== Part: P1, Measure: 6 ==============-->
  <measure number="6" width="223">
   <note color="#000000" default-x="15">
    <pitch>
     <step>B</step>
     <alter>-1</alter>
     <octave>3</octave>
    </pitch>
    <duration>1536</duration>
    <instrument id="P1-I1" />
    <voice>1</voice>
    <type>whole</type>
    <dot />
    <staff>1</staff>
   </note>
   <note color="#000000" default-x="164" default-y="5">
    <pitch>
     <step>G</step>
     <octave>3</octave>
    </pitch>
    <duration>512</duration>
    <instrument id="P1-I1" />
    <voice>1</voice>
    <type>half</type>
    <stem>up</stem>
    <staff>1</staff>
   </note>
  </measure>
  <!--============== Part: P1, Measure: 7 ==============-->
  <measure number="7" width="238">
   <note color="#000000" default-x="15">
    <pitch>
     <step>A</step>
     <octave>3</octave>
    </pitch>
    <duration>1536</duration>
    <instrument id="P1-I1" />
    <voice>1</voice>
    <type>whole</type>
    <dot />
    <staff>1</staff>
   </note>
   <note color="#000000" default-x="179" default-y="-10">
    <pitch>
     <step>D</step>
     <octave>3</octave>
    </pitch>
    <duration>512</duration>
    <instrument id="P1-I1" />
    <voice>1</voice>
    <type>half</type>
    <stem>up</stem>
    <staff>1</staff>
   </note>
  </measure>
  <!--============== Part: P1, Measure: 8 ==============-->
  <measure number="8" width="251">
   <note color="#000000" default-x="15">
    <pitch>
     <step>D</step>
     <octave>3</octave>
    </pitch>
    <duration>2048</duration>
    <tie type="start" />
    <instrument id="P1-I1" />
    <voice>1</voice>
    <type>breve</type>
    <staff>1</staff>
    <notations>
     <tied type="start" orientation="under" />
    </notations>
   </note>
  </measure>
  <!--============== Part: P1, Measure: 9 ==============-->
  <measure number="9" width="396">
   <print new-system="yes">
    <system-layout>
     <system-margins>
      <left-margin>22</left-margin>
      <right-margin>0</right-margin>
     </system-margins>
     <system-distance>105</system-distance>
    </system-layout>
   </print>
   <attributes>
    <staff-details number="1" print-object="yes" />
   </attributes>
   <note color="#000000" default-x="73">
    <pitch>
     <step>D</step>
     <octave>3</octave>
    </pitch>
    <duration>1024</duration>
    <tie type="stop" />
    <instrument id="P1-I1" />
    <voice>1</voice>
    <type>whole</type>
    <staff>1</staff>
    <notations>
     <tied type="stop" orientation="under" />
    </notations>
   </note>
   <note default-x="241">
    <rest />
    <duration>512</duration>
    <instrument id="P1-I1" />
    <voice>1</voice>
    <type>half</type>
    <staff>1</staff>
   </note>
   <note color="#000000" default-x="319" default-y="10">
    <pitch>
     <step>A</step>
     <octave>3</octave>
    </pitch>
    <duration>512</duration>
    <tie type="start" />
    <instrument id="P1-I1" />
    <voice>1</voice>
    <type>half</type>
    <stem>up</stem>
    <staff>1</staff>
    <notations>
     <tied type="start" orientation="under" />
    </notations>
   </note>
  </measure>
  <!--============== Part: P1, Measure: 10 ==============-->
  <measure number="10" width="323">
   <note color="#000000" default-x="15" default-y="10">
    <pitch>
     <step>A</step>
     <octave>3</octave>
    </pitch>
    <duration>512</duration>
    <tie type="stop" />
    <instrument id="P1-I1" />
    <voice>1</voice>
    <type>half</type>
    <stem>up</stem>
    <staff>1</staff>
    <notations>
     <tied type="stop" orientation="under" />
    </notations>
   </note>
   <note color="#000000" default-x="91" default-y="5">
    <pitch>
     <step>G</step>
     <octave>3</octave>
    </pitch>
    <duration>512</duration>
    <instrument id="P1-I1" />
    <voice>1</voice>
    <type>half</type>
    <stem>up</stem>
    <staff>1</staff>
   </note>
   <note color="#000000" default-x="169" default-y="-55">
    <pitch>
     <step>B</step>
     <alter>-1</alter>
     <octave>3</octave>
    </pitch>
    <duration>512</duration>
    <instrument id="P1-I1" />
    <voice>1</voice>
    <type>half</type>
    <stem>down</stem>
    <staff>1</staff>
   </note>
   <note color="#000000" default-x="246" default-y="10">
    <pitch>
     <step>A</step>
     <octave>3</octave>
    </pitch>
    <duration>512</duration>
    <tie type="start" />
    <instrument id="P1-I1" />
    <voice>1</voice>
    <type>half</type>
    <stem>up</stem>
    <staff>1</staff>
    <notations>
     <tied type="start" orientation="under" />
    </notations>
   </note>
  </measure>
  <!--============== Part: P1, Measure: 11 ==============-->
  <measure number="11" width="313">
   <note color="#000000" default-x="15" default-y="10">
    <pitch>
     <step>A</step>
     <octave>3</octave>
    </pitch>
    <duration>512</duration>
    <tie type="stop" />
    <instrument id="P1-I1" />
    <voice>1</voice>
    <type>half</type>
    <stem>up</stem>
    <staff>1</staff>
    <notations>
     <tied type="stop" orientation="under" />
    </notations>
   </note>
   <note color="#000000" default-x="92" default-y="5">
    <pitch>
     <step>G</step>
     <octave>3</octave>
    </pitch>
    <duration>256</duration>
    <instrument id="P1-I1" />
    <voice>1</voice>
    <type>quarter</type>
    <stem>up</stem>
    <staff>1</staff>
   </note>
   <note color="#000000" default-x="137">
    <pitch>
     <step>F</step>
     <octave>3</octave>
    </pitch>
    <duration>256</duration>
    <instrument id="P1-I1" />
    <voice>1</voice>
    <type>quarter</type>
    <stem>up</stem>
    <staff>1</staff>
   </note>
   <note color="#000000" default-x="183">
    <pitch>
     <step>E</step>
     <octave>3</octave>
    </pitch>
    <duration>1024</duration>
    <instrument id="P1-I1" />
    <voice>1</voice>
    <type>whole</type>
    <staff>1</staff>
   </note>
  </measure>
  <!--============== Part: P1, Measure: 12 ==============-->
  <measure number="12" width="383">
   <print new-system="yes">
    <system-layout>
     <system-margins>
      <left-margin>22</left-margin>
      <right-margin>0</right-margin>
     </system-margins>
     <system-distance>105</system-distance>
    </system-layout>
   </print>
   <attributes>
    <staff-details number="1" print-object="yes" />
   </attributes>
   <note default-x="73">
    <rest />
    <duration>512</duration>
    <instrument id="P1-I1" />
    <voice>1</voice>
    <type>half</type>
    <staff>1</staff>
   </note>
   <note color="#000000" default-x="147" default-y="10">
    <pitch>
     <step>A</step>
     <octave>3</octave>
    </pitch>
    <duration>512</duration>
    <instrument id="P1-I1" />
    <voice>1</voice>
    <type>half</type>
    <stem>up</stem>
    <staff>1</staff>
   </note>
   <note color="#000000" default-x="221" default-y="10">
    <pitch>
     <step>A</step>
     <octave>3</octave>
    </pitch>
    <duration>512</duration>
    <instrument id="P1-I1" />
    <voice>1</voice>
    <type>half</type>
    <stem>up</stem>
    <staff>1</staff>
   </note>
   <note color="#000000" default-x="296" default-y="10">
    <pitch>
     <step>A</step>
     <octave>3</octave>
    </pitch>
    <duration>512</duration>
    <instrument id="P1-I1" />
    <voice>1</voice>
    <type>half</type>
    <stem>up</stem>
    <staff>1</staff>
   </note>
  </measure>
  <!--============== Part: P1, Measure: 13 ==============-->
  <measure number="13" width="325">
   <note color="#000000" default-x="15" default-y="-50">
    <pitch>
     <step>C</step>
     <octave>4</octave>
    </pitch>
    <duration>512</duration>
    <instrument id="P1-I1" />
    <voice>1</voice>
    <type>half</type>
    <stem>down</stem>
    <staff>1</staff>
   </note>
   <note color="#000000" default-x="89" default-y="-55">
    <pitch>
     <step>B</step>
     <alter>-1</alter>
     <octave>3</octave>
    </pitch>
    <duration>256</duration>
    <instrument id="P1-I1" />
    <voice>1</voice>
    <type>quarter</type>
    <stem>down</stem>
    <staff>1</staff>
   </note>
   <note color="#000000" default-x="132" default-y="10">
    <pitch>
     <step>A</step>
     <octave>3</octave>
    </pitch>
    <duration>256</duration>
    <instrument id="P1-I1" />
    <voice>1</voice>
    <type>quarter</type>
    <stem>up</stem>
    <staff>1</staff>
   </note>
   <note color="#000000" default-x="176" default-y="5">
    <pitch>
     <step>G</step>
     <octave>3</octave>
    </pitch>
    <duration>512</duration>
    <instrument id="P1-I1" />
    <voice>1</voice>
    <type>half</type>
    <stem>up</stem>
    <staff>1</staff>
   </note>
   <note color="#000000" default-x="250" default-y="10">
    <pitch>
     <step>A</step>
     <octave>3</octave>
    </pitch>
    <duration>512</duration>
    <instrument id="P1-I1" />
    <voice>1</voice>
    <type>half</type>
    <stem>up</stem>
    <staff>1</staff>
   </note>
  </measure>
  <!--============== Part: P1, Measure: 14 ==============-->
  <measure number="14" width="324">
   <note color="#000000" default-x="15">
    <pitch>
     <step>B</step>
     <alter>-1</alter>
     <octave>3</octave>
    </pitch>
    <duration>1024</duration>
    <instrument id="P1-I1" />
    <voice>1</voice>
    <type>whole</type>
    <staff>1</staff>
   </note>
   <note color="#000000" default-x="163" default-y="10">
    <pitch>
     <step>A</step>
     <octave>3</octave>
    </pitch>
    <duration>512</duration>
    <instrument id="P1-I1" />
    <voice>1</voice>
    <type>half</type>
    <stem>up</stem>
    <staff>1</staff>
   </note>
   <note color="#000000" default-x="237" default-y="-50">
    <pitch>
     <step>C</step>
     <octave>4</octave>
    </pitch>
    <duration>512</duration>
    <tie type="start" />
    <instrument id="P1-I1" />
    <voice>1</voice>
    <type>half</type>
    <stem>down</stem>
    <staff>1</staff>
    <notations>
     <tied type="start" orientation="over" />
    </notations>
   </note>
  </measure>
  <!--============== Part: P1, Measure: 15 ==============-->
  <measure number="15" width="369">
   <print new-system="yes">
    <system-layout>
     <system-margins>
      <left-margin>22</left-margin>
      <right-margin>0</right-margin>
     </system-margins>
     <system-distance>105</system-distance>
    </system-layout>
   </print>
   <attributes>
    <staff-details number="1" print-object="yes" />
   </attributes>
   <note color="#000000" default-x="73" default-y="-50">
    <pitch>
     <step>C</step>
     <octave>4</octave>
    </pitch>
    <duration>512</duration>
    <tie type="stop" />
    <instrument id="P1-I1" />
    <voice>1</voice>
    <type>half</type>
    <stem>down</stem>
    <staff>1</staff>
    <notations>
     <tied type="stop" orientation="over" />
    </notations>
   </note>
   <note color="#000000" default-x="148" default-y="-55">
    <pitch>
     <step>B</step>
     <alter>-1</alter>
     <octave>3</octave>
    </pitch>
    <duration>256</duration>
    <instrument id="P1-I1" />
    <voice>1</voice>
    <type>quarter</type>
    <stem>down</stem>
    <staff>1</staff>
   </note>
   <note color="#000000" default-x="192" default-y="10">
    <pitch>
     <step>A</step>
     <octave>3</octave>
    </pitch>
    <duration>256</duration>
    <instrument id="P1-I1" />
    <voice>1</voice>
    <type>quarter</type>
    <stem>up</stem>
    <staff>1</staff>
   </note>
   <note color="#000000" default-x="236" default-y="5">
    <pitch>
     <step>G</step>
     <octave>3</octave>
    </pitch>
    <duration>768</duration>
    <instrument id="P1-I1" />
    <voice>1</voice>
    <type>half</type>
    <dot />
    <stem>up</stem>
    <staff>1</staff>
   </note>
   <note color="#000000" default-x="325" default-y="10">
    <pitch>
     <step>A</step>
     <octave>3</octave>
    </pitch>
    <duration>256</duration>
    <instrument id="P1-I1" />
    <voice>1</voice>
    <type>quarter</type>
    <stem>up</stem>
    <staff>1</staff>
   </note>
  </measure>
  <!--============== Part: P1, Measure: 16 ==============-->
  <measure number="16" width="316">
   <note color="#000000" default-x="15" default-y="-55">
    <pitch>
     <step>B</step>
     <alter>-1</alter>
     <octave>3</octave>
    </pitch>
    <duration>768</duration>
    <instrument id="P1-I1" />
    <voice>1</voice>
    <type>half</type>
    <dot />
    <stem>down</stem>
    <staff>1</staff>
   </note>
   <note color="#000000" default-x="103" default-y="4">
    <pitch>
     <step>A</step>
     <octave>3</octave>
    </pitch>
    <duration>128</duration>
    <instrument id="P1-I1" />
    <voice>1</voice>
    <type>eighth</type>
    <stem>up</stem>
    <staff>1</staff>
    <beam number="1">begin</beam>
   </note>
   <note color="#000000" default-x="135" default-y="4">
    <pitch>
     <step>G</step>
     <octave>3</octave>
    </pitch>
    <duration>128</duration>
    <instrument id="P1-I1" />
    <voice>1</voice>
    <type>eighth</type>
    <stem>up</stem>
    <staff>1</staff>
    <beam number="1">end</beam>
   </note>
   <note color="#000000" default-x="167" default-y="10">
    <pitch>
     <step>A</step>
     <octave>3</octave>
    </pitch>
    <duration>512</duration>
    <instrument id="P1-I1" />
    <voice>1</voice>
    <type>half</type>
    <stem>up</stem>
    <staff>1</staff>
   </note>
   <note color="#000000" default-x="242" default-y="-55">
    <pitch>
     <step>B</step>
     <alter>-1</alter>
     <octave>3</octave>
    </pitch>
    <duration>512</duration>
    <tie type="start" />
    <instrument id="P1-I1" />
    <voice>1</voice>
    <type>half</type>
    <stem>down</stem>
    <staff>1</staff>
    <notations>
     <tied type="start" orientation="over" />
    </notations>
   </note>
  </measure>
  <!--============== Part: P1, Measure: 17 ==============-->
  <measure number="17" width="346">
   <note color="#000000" default-x="15" default-y="-55">
    <pitch>
     <step>B</step>
     <alter>-1</alter>
     <octave>3</octave>
    </pitch>
    <duration>256</duration>
    <tie type="stop" />
    <instrument id="P1-I1" />
    <voice>1</voice>
    <type>quarter</type>
    <stem>down</stem>
    <staff>1</staff>
    <notations>
     <tied type="stop" orientation="over" />
    </notations>
   </note>
   <note color="#000000" default-x="59" default-y="4">
    <pitch>
     <step>A</step>
     <octave>3</octave>
    </pitch>
    <duration>128</duration>
    <instrument id="P1-I1" />
    <voice>1</voice>
    <type>eighth</type>
    <stem>up</stem>
    <staff>1</staff>
    <beam number="1">begin</beam>
   </note>
   <note color="#000000" default-x="90" default-y="4">
    <pitch>
     <step>G</step>
     <octave>3</octave>
    </pitch>
    <duration>128</duration>
    <instrument id="P1-I1" />
    <voice>1</voice>
    <type>eighth</type>
    <stem>up</stem>
    <staff>1</staff>
    <beam number="1">end</beam>
   </note>
   <note color="#000000" default-x="122" default-y="10">
    <pitch>
     <step>A</step>
     <octave>3</octave>
    </pitch>
    <duration>512</duration>
    <instrument id="P1-I1" />
    <voice>1</voice>
    <type>half</type>
    <stem>up</stem>
    <staff>1</staff>
   </note>
   <note color="#000000" default-x="197">
    <pitch>
     <step>D</step>
     <octave>3</octave>
    </pitch>
    <duration>1024</duration>
    <instrument id="P1-I1" />
    <voice>1</voice>
    <type>whole</type>
    <staff>1</staff>
   </note>
  </measure>
  <!--============== Part: P1, Measure: 18 ==============-->
  <measure number="18" width="383">
   <print new-page="yes">
    <system-layout>
     <system-margins>
      <left-margin>22</left-margin>
      <right-margin>0</right-margin>
     </system-margins>
     <top-system-distance>73</top-system-distance>
    </system-layout>
   </print>
   <attributes>
    <staff-details number="1" print-object="yes" />
   </attributes>
   <note default-x="73">
    <rest />
    <duration>512</duration>
    <instrument id="P1-I1" />
    <voice>1</voice>
    <type>half</type>
    <staff>1</staff>
   </note>
   <note color="#000000" default-x="151" default-y="10">
    <pitch>
     <step>A</step>
     <octave>3</octave>
    </pitch>
    <duration>512</duration>
    <instrument id="P1-I1" />
    <voice>1</voice>
    <type>half</type>
    <stem>up</stem>
    <staff>1</staff>
   </note>
   <note color="#000000" default-x="228" default-y="10">
    <pitch>
     <step>A</step>
     <octave>3</octave>
    </pitch>
    <duration>512</duration>
    <instrument id="P1-I1" />
    <voice>1</voice>
    <type>half</type>
    <stem>up</stem>
    <staff>1</staff>
   </note>
   <note color="#000000" default-x="306" default-y="5">
    <pitch>
     <step>G</step>
     <octave>3</octave>
    </pitch>
    <duration>512</duration>
    <instrument id="P1-I1" />
    <voice>1</voice>
    <type>half</type>
    <stem>up</stem>
    <staff>1</staff>
   </note>
  </measure>
  <!--============== Part: P1, Measure: 19 ==============-->
  <measure number="19" width="325">
   <note color="#000000" default-x="15" default-y="10">
    <pitch>
     <step>A</step>
     <octave>3</octave>
    </pitch>
    <duration>512</duration>
    <instrument id="P1-I1" />
    <voice>1</voice>
    <type>half</type>
    <stem>up</stem>
    <staff>1</staff>
   </note>
   <note color="#000000" default-x="92" default-y="-10">
    <pitch>
     <step>D</step>
     <octave>3</octave>
    </pitch>
    <duration>512</duration>
    <instrument id="P1-I1" />
    <voice>1</voice>
    <type>half</type>
    <stem>up</stem>
    <staff>1</staff>
   </note>
   <note color="#000000" default-x="170">
    <pitch>
     <step>A</step>
     <octave>3</octave>
    </pitch>
    <duration>1024</duration>
    <instrument id="P1-I1" />
    <voice>1</voice>
    <type>whole</type>
    <staff>1</staff>
   </note>
  </measure>
  <!--============== Part: P1, Measure: 20 ==============-->
  <measure number="20" width="324">
   <note default-x="15">
    <rest />
    <duration>512</duration>
    <instrument id="P1-I1" />
    <voice>1</voice>
    <type>half</type>
    <staff>1</staff>
   </note>
   <note color="#000000" default-x="92" default-y="10">
    <pitch>
     <step>A</step>
     <octave>3</octave>
    </pitch>
    <duration>512</duration>
    <instrument id="P1-I1" />
    <voice>1</voice>
    <type>half</type>
    <stem>up</stem>
    <staff>1</staff>
   </note>
   <note color="#000000" default-x="169" default-y="10">
    <pitch>
     <step>A</step>
     <octave>3</octave>
    </pitch>
    <duration>512</duration>
    <instrument id="P1-I1" />
    <voice>1</voice>
    <type>half</type>
    <stem>up</stem>
    <staff>1</staff>
   </note>
   <note color="#000000" default-x="247" default-y="5">
    <pitch>
     <step>G</step>
     <octave>3</octave>
    </pitch>
    <duration>512</duration>
    <instrument id="P1-I1" />
    <voice>1</voice>
    <type>half</type>
    <stem>up</stem>
    <staff>1</staff>
   </note>
  </measure>
  <!--============== Part: P1, Measure: 21 ==============-->
  <measure number="21" width="441">
   <print new-system="yes">
    <system-layout>
     <system-margins>
      <left-margin>22</left-margin>
      <right-margin>0</right-margin>
     </system-margins>
     <system-distance>92</system-distance>
    </system-layout>
   </print>
   <attributes>
    <staff-details number="1" print-object="yes" />
   </attributes>
   <note color="#000000" default-x="73" default-y="10">
    <pitch>
     <step>A</step>
     <octave>3</octave>
    </pitch>
    <duration>512</duration>
    <instrument id="P1-I1" />
    <voice>1</voice>
    <type>half</type>
    <stem>up</stem>
    <staff>1</staff>
   </note>
   <note color="#000000" default-x="165" default-y="-10">
    <pitch>
     <step>D</step>
     <octave>3</octave>
    </pitch>
    <duration>512</duration>
    <instrument id="P1-I1" />
    <voice>1</voice>
    <type>half</type>
    <stem>up</stem>
    <staff>1</staff>
   </note>
   <note color="#000000" default-x="257" default-y="10">
    <pitch>
     <step>A</step>
     <octave>3</octave>
    </pitch>
    <duration>512</duration>
    <instrument id="P1-I1" />
    <voice>1</voice>
    <type>half</type>
    <stem>up</stem>
    <staff>1</staff>
   </note>
   <note color="#000000" default-x="349" default-y="-55">
    <pitch>
     <step>B</step>
     <alter>-1</alter>
     <octave>3</octave>
    </pitch>
    <duration>512</duration>
    <tie type="start" />
    <instrument id="P1-I1" />
    <voice>1</voice>
    <type>half</type>
    <stem>down</stem>
    <staff>1</staff>
    <notations>
     <tied type="start" orientation="over" />
    </notations>
   </note>
  </measure>
  <!--============== Part: P1, Measure: 22 ==============-->
  <measure number="22" width="398">
   <note color="#000000" default-x="15" default-y="-55">
    <pitch>
     <step>B</step>
     <alter>-1</alter>
     <octave>3</octave>
    </pitch>
    <duration>512</duration>
    <tie type="stop" />
    <instrument id="P1-I1" />
    <voice>1</voice>
    <type>half</type>
    <stem>down</stem>
    <staff>1</staff>
    <notations>
     <tied type="stop" orientation="over" />
    </notations>
   </note>
   <note color="#000000" default-x="106" default-y="10">
    <pitch>
     <step>A</step>
     <octave>3</octave>
    </pitch>
    <duration>256</duration>
    <instrument id="P1-I1" />
    <voice>1</voice>
    <type>quarter</type>
    <stem>up</stem>
    <staff>1</staff>
   </note>
   <note color="#000000" default-x="160" default-y="5">
    <pitch>
     <step>G</step>
     <octave>3</octave>
    </pitch>
    <duration>256</duration>
    <instrument id="P1-I1" />
    <voice>1</voice>
    <type>quarter</type>
    <stem>up</stem>
    <staff>1</staff>
   </note>
   <note color="#000000" default-x="215" default-y="-55">
    <pitch>
     <step>B</step>
     <alter>-1</alter>
     <octave>3</octave>
    </pitch>
    <duration>512</duration>
    <instrument id="P1-I1" />
    <voice>1</voice>
    <type>half</type>
    <stem>down</stem>
    <staff>1</staff>
   </note>
   <note color="#000000" default-x="306" default-y="10">
    <pitch>
     <step>A</step>
     <octave>3</octave>
    </pitch>
    <duration>512</duration>
    <instrument id="P1-I1" />
    <voice>1</voice>
    <type>half</type>
    <stem>up</stem>
    <staff>1</staff>
   </note>
  </measure>
  <!--============== Part: P1, Measure: 23 ==============-->
  <measure number="23" width="193">
   <note color="#000000" default-x="15">
    <pitch>
     <step>A</step>
     <octave>3</octave>
    </pitch>
    <duration>2048</duration>
    <instrument id="P1-I1" />
    <voice>1</voice>
    <type>breve</type>
    <staff>1</staff>
   </note>
   <barline>
    <bar-style>light-heavy</bar-style>
   </barline>
  </measure>
 </part>
 <part id="P2">
  <!--============== Part: P2, Measure: 1 ==============-->
  <measure number="1" width="209">
   <print new-page="yes">
    <system-layout>
     <system-margins>
      <left-margin>91</left-margin>
      <right-margin>0</right-margin>
     </system-margins>
    </system-layout>
    <staff-layout number="1">
     <staff-distance>88</staff-distance>
    </staff-layout>
   </print>
   <attributes>
    <divisions>256</divisions>
    <key color="#000000">
     <fifths>-1</fifths>
     <mode>major</mode>
    </key>
    <time color="#000000">
     <beats>2</beats>
     <beat-type>1</beat-type>
    </time>
    <staves>1</staves>
    <clef number="1" color="#000000">
     <sign>F</sign>
     <line>4</line>
    </clef>
    <staff-details number="1" print-object="yes" />
   </attributes>
   <note color="#000000" default-x="111">
    <pitch>
     <step>D</step>
     <octave>3</octave>
    </pitch>
    <duration>2048</duration>
    <instrument id="P2-I1" />
    <voice>1</voice>
    <type>breve</type>
    <staff>1</staff>
   </note>
  </measure>
  <!--============== Part: P2, Measure: 2 ==============-->
  <measure number="2" width="198">
   <note color="#000000" default-x="15">
    <pitch>
     <step>D</step>
     <octave>3</octave>
    </pitch>
    <duration>1024</duration>
    <instrument id="P2-I1" />
    <voice>1</voice>
    <type>whole</type>
    <staff>1</staff>
   </note>
   <note color="#000000" default-x="106">
    <pitch>
     <step>D</step>
     <octave>3</octave>
    </pitch>
    <duration>1024</duration>
    <tie type="start" />
    <instrument id="P2-I1" />
    <voice>1</voice>
    <type>whole</type>
    <staff>1</staff>
    <notations>
     <tied type="start" orientation="over" />
    </notations>
   </note>
  </measure>
  <!--============== Part: P2, Measure: 3 ==============-->
  <measure number="3" width="293">
   <note color="#000000" default-x="15" default-y="-55">
    <pitch>
     <step>D</step>
     <octave>3</octave>
    </pitch>
    <duration>512</duration>
    <tie type="stop" />
    <instrument id="P2-I1" />
    <voice>1</voice>
    <type>half</type>
    <stem>down</stem>
    <staff>1</staff>
    <notations>
     <tied type="stop" orientation="over" />
    </notations>
   </note>
   <note color="#000000" default-x="81" default-y="10">
    <pitch>
     <step>C</step>
     <octave>3</octave>
    </pitch>
    <duration>256</duration>
    <instrument id="P2-I1" />
    <voice>1</voice>
    <type>quarter</type>
    <stem>up</stem>
    <staff>1</staff>
   </note>
   <note color="#000000" default-x="120" default-y="5">
    <pitch>
     <step>B</step>
     <alter>-1</alter>
     <octave>2</octave>
    </pitch>
    <duration>256</duration>
    <instrument id="P2-I1" />
    <voice>1</voice>
    <type>quarter</type>
    <stem>up</stem>
    <staff>1</staff>
   </note>
   <note color="#000000" default-x="160" default-y="10">
    <pitch>
     <step>C</step>
     <octave>3</octave>
    </pitch>
    <duration>512</duration>
    <instrument id="P2-I1" />
    <voice>1</voice>
    <type>half</type>
    <stem>up</stem>
    <staff>1</staff>
   </note>
   <note color="#000000" default-x="226" default-y="-55">
    <pitch>
     <step>D</step>
     <octave>3</octave>
    </pitch>
    <duration>512</duration>
    <tie type="start" />
    <instrument id="P2-I1" />
    <voice>1</voice>
    <type>half</type>
    <stem>down</stem>
    <staff>1</staff>
    <notations>
     <tied type="start" orientation="over" />
    </notations>
   </note>
  </measure>
  <!--============== Part: P2, Measure: 4 ==============-->
  <measure number="4" width="263">
   <note color="#000000" default-x="15" default-y="-55">
    <pitch>
     <step>D</step>
     <octave>3</octave>
    </pitch>
    <duration>256</duration>
    <tie type="stop" />
    <instrument id="P2-I1" />
    <voice>1</voice>
    <type>quarter</type>
    <stem>down</stem>
    <staff>1</staff>
    <notations>
     <tied type="stop" orientation="over" />
    </notations>
   </note>
   <note color="#000000" default-x="54" default-y="-50">
    <pitch>
     <step>E</step>
     <octave>3</octave>
    </pitch>
    <duration>256</duration>
    <instrument id="P2-I1" />
    <voice>1</voice>
    <type>quarter</type>
    <stem>down</stem>
    <staff>1</staff>
   </note>
   <note color="#000000" default-x="93">
    <pitch>
     <step>F</step>
     <octave>3</octave>
    </pitch>
    <duration>1024</duration>
    <instrument id="P2-I1" />
    <voice>1</voice>
    <type>whole</type>
    <staff>1</staff>
   </note>
   <note color="#000000" default-x="185" default-y="-50">
    <pitch>
     <step>E</step>
     <octave>3</octave>
    </pitch>
    <duration>256</duration>
    <instrument id="P2-I1" />
    <voice>1</voice>
    <type>quarter</type>
    <stem>down</stem>
    <staff>1</staff>
   </note>
   <note color="#000000" default-x="224" default-y="-55">
    <pitch>
     <step>D</step>
     <octave>3</octave>
    </pitch>
    <duration>256</duration>
    <instrument id="P2-I1" />
    <voice>1</voice>
    <type>quarter</type>
    <stem>down</stem>
    <staff>1</staff>
   </note>
  </measure>
  <!--============== Part: P2, Measure: 5 ==============-->
  <measure number="5" width="320">
   <print new-system="yes">
    <system-layout>
     <system-margins>
      <left-margin>22</left-margin>
      <right-margin>0</right-margin>
     </system-margins>
    </system-layout>
    <staff-layout number="1">
     <staff-distance>88</staff-distance>
    </staff-layout>
   </print>
   <attributes>
    <staff-details number="1" print-object="yes" />
   </attributes>
   <note color="#000000" default-x="73" default-y="10">
    <pitch>
     <step>C</step>
     <octave>3</octave>
    </pitch>
    <duration>512</duration>
    <instrument id="P2-I1" />
    <voice>1</voice>
    <type>half</type>
    <stem>up</stem>
    <staff>1</staff>
   </note>
   <note color="#000000" default-x="132" default-y="-55">
    <pitch>
     <step>D</step>
     <octave>3</octave>
    </pitch>
    <duration>512</duration>
    <instrument id="P2-I1" />
    <voice>1</voice>
    <type>half</type>
    <stem>down</stem>
    <staff>1</staff>
   </note>
   <note color="#000000" default-x="202" default-y="-50">
    <pitch>
     <step>E</step>
     <octave>3</octave>
    </pitch>
    <duration>512</duration>
    <instrument id="P2-I1" />
    <voice>1</voice>
    <type>half</type>
    <stem>down</stem>
    <staff>1</staff>
   </note>
   <note color="#000000" default-x="261" default-y="-55">
    <pitch>
     <step>D</step>
     <octave>3</octave>
    </pitch>
    <duration>512</duration>
    <tie type="start" />
    <instrument id="P2-I1" />
    <voice>1</voice>
    <type>half</type>
    <stem>down</stem>
    <staff>1</staff>
    <notations>
     <tied type="start" orientation="over" />
    </notations>
   </note>
  </measure>
  <!--============== Part: P2, Measure: 6 ==============-->
  <measure number="6" width="223">
   <note color="#000000" default-x="15" default-y="-55">
    <pitch>
     <step>D</step>
     <octave>3</octave>
    </pitch>
    <duration>512</duration>
    <tie type="stop" />
    <instrument id="P2-I1" />
    <voice>1</voice>
    <type>half</type>
    <stem>down</stem>
    <staff>1</staff>
    <notations>
     <tied type="stop" orientation="over" />
    </notations>
   </note>
   <note color="#000000" default-x="74" default-y="-5">
    <pitch>
     <step>G</step>
     <octave>2</octave>
    </pitch>
    <duration>512</duration>
    <instrument id="P2-I1" />
    <voice>1</voice>
    <type>half</type>
    <stem>up</stem>
    <staff>1</staff>
   </note>
   <note color="#000000" default-x="133">
    <pitch>
     <step>G</step>
     <octave>2</octave>
    </pitch>
    <duration>1024</duration>
    <instrument id="P2-I1" />
    <voice>1</voice>
    <type>whole</type>
    <staff>1</staff>
   </note>
  </measure>
  <!--============== Part: P2, Measure: 7 ==============-->
  <measure number="7" width="238">
   <note default-x="15">
    <rest />
    <duration>512</duration>
    <instrument id="P2-I1" />
    <voice>1</voice>
    <type>half</type>
    <staff>1</staff>
   </note>
   <note color="#000000" default-x="74" default-y="-55">
    <pitch>
     <step>D</step>
     <octave>3</octave>
    </pitch>
    <duration>768</duration>
    <instrument id="P2-I1" />
    <voice>1</voice>
    <type>half</type>
    <dot />
    <stem>down</stem>
    <staff>1</staff>
   </note>
   <note color="#000000" default-x="144" default-y="-50">
    <pitch>
     <step>E</step>
     <octave>3</octave>
    </pitch>
    <duration>256</duration>
    <instrument id="P2-I1" />
    <voice>1</voice>
    <type>quarter</type>
    <stem>down</stem>
    <staff>1</staff>
   </note>
   <note color="#000000" default-x="179" default-y="-45">
    <pitch>
     <step>F</step>
     <octave>3</octave>
    </pitch>
    <duration>512</duration>
    <tie type="start" />
    <instrument id="P2-I1" />
    <voice>1</voice>
    <type>half</type>
    <stem>down</stem>
    <staff>1</staff>
    <notations>
     <tied type="start" orientation="over" />
    </notations>
   </note>
  </measure>
  <!--============== Part: P2, Measure: 8 ==============-->
  <measure number="8" width="251">
   <note color="#000000" default-x="15" default-y="-45">
    <pitch>
     <step>F</step>
     <octave>3</octave>
    </pitch>
    <duration>512</duration>
    <tie type="stop" />
    <instrument id="P2-I1" />
    <voice>1</voice>
    <type>half</type>
    <stem>down</stem>
    <staff>1</staff>
    <notations>
     <tied type="stop" orientation="over" />
    </notations>
   </note>
   <note color="#000000" default-x="74" default-y="5">
    <pitch>
     <step>B</step>
     <alter>-1</alter>
     <octave>2</octave>
    </pitch>
    <duration>512</duration>
    <instrument id="P2-I1" />
    <voice>1</voice>
    <type>half</type>
    <stem>up</stem>
    <staff>1</staff>
   </note>
   <note color="#000000" default-x="133" default-y="5">
    <pitch>
     <step>B</step>
     <alter>-1</alter>
     <octave>2</octave>
    </pitch>
    <duration>512</duration>
    <instrument id="P2-I1" />
    <voice>1</voice>
    <type>half</type>
    <stem>up</stem>
    <staff>1</staff>
   </note>
   <note color="#000000" default-x="192" default-y="-45">
    <pitch>
     <step>F</step>
     <octave>3</octave>
    </pitch>
    <duration>512</duration>
    <tie type="start" />
    <instrument id="P2-I1" />
    <voice>1</voice>
    <type>half</type>
    <stem>down</stem>
    <staff>1</staff>
    <notations>
     <tied type="start" orientation="over" />
    </notations>
   </note>
  </measure>
  <!--============== Part: P2, Measure: 9 ==============-->
  <measure number="9" width="396">
   <print new-system="yes">
    <system-layout>
     <system-margins>
      <left-margin>22</left-margin>
      <right-margin>0</right-margin>
     </system-margins>
    </system-layout>
    <staff-layout number="1">
     <staff-distance>88</staff-distance>
    </staff-layout>
   </print>
   <attributes>
    <staff-details number="1" print-object="yes" />
   </attributes>
   <note color="#000000" default-x="73" default-y="-45">
    <pitch>
     <step>F</step>
     <octave>3</octave>
    </pitch>
    <duration>512</duration>
    <tie type="stop" />
    <instrument id="P2-I1" />
    <voice>1</voice>
    <type>half</type>
    <stem>down</stem>
    <staff>1</staff>
    <notations>
     <tied type="stop" orientation="over" />
    </notations>
   </note>
   <note color="#000000" default-x="150" default-y="-50">
    <pitch>
     <step>E</step>
     <octave>3</octave>
    </pitch>
    <duration>256</duration>
    <instrument id="P2-I1" />
    <voice>1</voice>
    <type>quarter</type>
    <stem>down</stem>
    <staff>1</staff>
   </note>
   <note color="#000000" default-x="196" default-y="-55">
    <pitch>
     <step>D</step>
     <octave>3</octave>
    </pitch>
    <duration>256</duration>
    <instrument id="P2-I1" />
    <voice>1</voice>
    <type>quarter</type>
    <stem>down</stem>
    <staff>1</staff>
   </note>
   <note color="#000000" default-x="241" default-y="10">
    <pitch>
     <step>C</step>
     <octave>3</octave>
    </pitch>
    <duration>512</duration>
    <instrument id="P2-I1" />
    <voice>1</voice>
    <type>half</type>
    <stem>up</stem>
    <staff>1</staff>
   </note>
   <note color="#000000" default-x="319" default-y="-55">
    <pitch>
     <step>D</step>
     <octave>3</octave>
    </pitch>
    <duration>512</duration>
    <instrument id="P2-I1" />
    <voice>1</voice>
    <type>half</type>
    <stem>down</stem>
    <staff>1</staff>
   </note>
  </measure>
  <!--============== Part: P2, Measure: 10 ==============-->
  <measure number="10" width="323">
   <note color="#000000" default-x="15">
    <pitch>
     <step>E</step>
     <octave>3</octave>
    </pitch>
    <duration>1024</duration>
    <instrument id="P2-I1" />
    <voice>1</voice>
    <type>whole</type>
    <staff>1</staff>
   </note>
   <note color="#000000" default-x="169">
    <pitch>
     <step>D</step>
     <octave>3</octave>
    </pitch>
    <duration>1024</duration>
    <instrument id="P2-I1" />
    <voice>1</voice>
    <type>whole</type>
    <staff>1</staff>
   </note>
  </measure>
  <!--============== Part: P2, Measure: 11 ==============-->
  <measure number="11" width="313">
   <note default-x="15">
    <rest />
    <duration>512</duration>
    <instrument id="P2-I1" />
    <voice>1</voice>
    <type>half</type>
    <staff>1</staff>
   </note>
   <note color="#000000" default-x="92">
    <pitch>
     <step>D</step>
     <octave>3</octave>
    </pitch>
    <duration>1024</duration>
    <instrument id="P2-I1" />
    <voice>1</voice>
    <type>whole</type>
    <staff>1</staff>
   </note>
   <note color="#000000" default-x="236" default-y="10">
    <pitch>
     <step>C</step>
     <octave>3</octave>
    </pitch>
    <duration>512</duration>
    <instrument id="P2-I1" />
    <voice>1</voice>
    <type>half</type>
    <stem>up</stem>
    <staff>1</staff>
   </note>
  </measure>
  <!--============== Part: P2, Measure: 12 ==============-->
  <measure number="12" width="383">
   <print new-system="yes">
    <system-layout>
     <system-margins>
      <left-margin>22</left-margin>
      <right-margin>0</right-margin>
     </system-margins>
    </system-layout>
    <staff-layout number="1">
     <staff-distance>88</staff-distance>
    </staff-layout>
   </print>
   <attributes>
    <staff-details number="1" print-object="yes" />
   </attributes>
   <note color="#000000" default-x="73" default-y="-50">
    <pitch>
     <step>E</step>
     <octave>3</octave>
    </pitch>
    <duration>512</duration>
    <instrument id="P2-I1" />
    <voice>1</voice>
    <type>half</type>
    <stem>down</stem>
    <staff>1</staff>
   </note>
   <note color="#000000" default-x="147">
    <pitch>
     <step>D</step>
     <octave>3</octave>
    </pitch>
    <duration>1024</duration>
    <instrument id="P2-I1" />
    <voice>1</voice>
    <type>whole</type>
    <staff>1</staff>
   </note>
   <note color="#000000" default-x="296" default-y="10">
    <pitch>
     <step>C</step>
     <octave>3</octave>
    </pitch>
    <duration>256</duration>
    <instrument id="P2-I1" />
    <voice>1</voice>
    <type>quarter</type>
    <stem>up</stem>
    <staff>1</staff>
   </note>
   <note color="#000000" default-x="339" default-y="5">
    <pitch>
     <step>B</step>
     <alter>-1</alter>
     <octave>2</octave>
    </pitch>
    <duration>256</duration>
    <instrument id="P2-I1" />
    <voice>1</voice>
    <type>quarter</type>
    <stem>up</stem>
    <staff>1</staff>
   </note>
  </measure>
  <!--============== Part: P2, Measure: 13 ==============-->
  <measure number="13" width="325">
   <note color="#000000" default-x="15">
    <pitch>
     <step>A</step>
     <octave>2</octave>
    </pitch>
    <duration>1024</duration>
    <instrument id="P2-I1" />
    <voice>1</voice>
    <type>whole</type>
    <staff>1</staff>
   </note>
   <note default-x="176">
    <rest />
    <duration>512</duration>
    <instrument id="P2-I1" />
    <voice>1</voice>
    <type>half</type>
    <staff>1</staff>
   </note>
   <note color="#000000" default-x="250" default-y="-55">
    <pitch>
     <step>D</step>
     <octave>3</octave>
    </pitch>
    <duration>512</duration>
    <instrument id="P2-I1" />
    <voice>1</voice>
    <type>half</type>
    <stem>down</stem>
    <staff>1</staff>
   </note>
  </measure>
  <!--============== Part: P2, Measure: 14 ==============-->
  <measure number="14" width="324">
   <note color="#000000" default-x="15" default-y="-55">
    <pitch>
     <step>D</step>
     <octave>3</octave>
    </pitch>
    <duration>512</duration>
    <instrument id="P2-I1" />
    <voice>1</voice>
    <type>half</type>
    <stem>down</stem>
    <staff>1</staff>
   </note>
   <note color="#000000" default-x="89" default-y="-55">
    <pitch>
     <step>D</step>
     <octave>3</octave>
    </pitch>
    <duration>512</duration>
    <instrument id="P2-I1" />
    <voice>1</voice>
    <type>half</type>
    <stem>down</stem>
    <staff>1</staff>
   </note>
   <note color="#000000" default-x="163" default-y="-45">
    <pitch>
     <step>F</step>
     <octave>3</octave>
    </pitch>
    <duration>512</duration>
    <instrument id="P2-I1" />
    <voice>1</voice>
    <type>half</type>
    <stem>down</stem>
    <staff>1</staff>
   </note>
   <note color="#000000" default-x="237" default-y="-50">
    <pitch>
     <step>E</step>
     <octave>3</octave>
    </pitch>
    <duration>256</duration>
    <instrument id="P2-I1" />
    <voice>1</voice>
    <type>quarter</type>
    <stem>down</stem>
    <staff>1</staff>
   </note>
   <note color="#000000" default-x="280" default-y="-55">
    <pitch>
     <step>D</step>
     <octave>3</octave>
    </pitch>
    <duration>256</duration>
    <instrument id="P2-I1" />
    <voice>1</voice>
    <type>quarter</type>
    <stem>down</stem>
    <staff>1</staff>
   </note>
  </measure>
  <!--============== Part: P2, Measure: 15 ==============-->
  <measure number="15" width="369">
   <print new-system="yes">
    <system-layout>
     <system-margins>
      <left-margin>22</left-margin>
      <right-margin>0</right-margin>
     </system-margins>
    </system-layout>
    <staff-layout number="1">
     <staff-distance>88</staff-distance>
    </staff-layout>
   </print>
   <attributes>
    <staff-details number="1" print-object="yes" />
   </attributes>
   <note color="#000000" default-x="73" default-y="10">
    <pitch>
     <step>C</step>
     <octave>3</octave>
    </pitch>
    <duration>512</duration>
    <instrument id="P2-I1" />
    <voice>1</voice>
    <type>half</type>
    <stem>up</stem>
    <staff>1</staff>
   </note>
   <note color="#000000" default-x="148" default-y="-55">
    <pitch>
     <step>D</step>
     <octave>3</octave>
    </pitch>
    <duration>512</duration>
    <instrument id="P2-I1" />
    <voice>1</voice>
    <type>half</type>
    <stem>down</stem>
    <staff>1</staff>
   </note>
   <note color="#000000" default-x="236">
    <pitch>
     <step>E</step>
     <octave>3</octave>
    </pitch>
    <duration>1024</duration>
    <instrument id="P2-I1" />
    <voice>1</voice>
    <type>whole</type>
    <staff>1</staff>
   </note>
  </measure>
  <!--============== Part: P2, Measure: 16 ==============-->
  <measure number="16" width="316">
   <note color="#000000" default-x="15">
    <pitch>
     <step>D</step>
     <octave>3</octave>
    </pitch>
    <duration>2048</duration>
    <tie type="start" />
    <instrument id="P2-I1" />
    <voice>1</voice>
    <type>breve</type>
    <staff>1</staff>
    <notations>
     <tied type="start" orientation="over" />
    </notations>
   </note>
  </measure>
  <!--============== Part: P2, Measure: 17 ==============-->
  <measure number="17" width="346">
   <note color="#000000" default-x="15">
    <pitch>
     <step>D</step>
     <octave>3</octave>
    </pitch>
    <duration>1024</duration>
    <tie type="stop" />
    <instrument id="P2-I1" />
    <voice>1</voice>
    <type>whole</type>
    <staff>1</staff>
    <notations>
     <tied type="stop" orientation="over" />
    </notations>
   </note>
   <note default-x="197">
    <rest />
    <duration>512</duration>
    <instrument id="P2-I1" />
    <voice>1</voice>
    <type>half</type>
    <staff>1</staff>
   </note>
   <note color="#000000" default-x="272" default-y="-55">
    <pitch>
     <step>D</step>
     <octave>3</octave>
    </pitch>
    <duration>512</duration>
    <instrument id="P2-I1" />
    <voice>1</voice>
    <type>half</type>
    <stem>down</stem>
    <staff>1</staff>
   </note>
  </measure>
  <!--============== Part: P2, Measure: 18 ==============-->
  <measure number="18" width="383">
   <print new-page="yes">
    <system-layout>
     <system-margins>
      <left-margin>22</left-margin>
      <right-margin>0</right-margin>
     </system-margins>
    </system-layout>
    <staff-layout number="1">
     <staff-distance>85</staff-distance>
    </staff-layout>
   </print>
   <attributes>
    <staff-details number="1" print-object="yes" />
   </attributes>
   <note color="#000000" default-x="73" default-y="-55">
    <pitch>
     <step>D</step>
     <octave>3</octave>
    </pitch>
    <duration>512</duration>
    <instrument id="P2-I1" />
    <voice>1</voice>
    <type>half</type>
    <stem>down</stem>
    <staff>1</staff>
   </note>
   <note color="#000000" default-x="151" default-y="10">
    <pitch>
     <step>C</step>
     <octave>3</octave>
    </pitch>
    <duration>512</duration>
    <instrument id="P2-I1" />
    <voice>1</voice>
    <type>half</type>
    <stem>up</stem>
    <staff>1</staff>
   </note>
   <note color="#000000" default-x="228" default-y="-55">
    <pitch>
     <step>D</step>
     <octave>3</octave>
    </pitch>
    <duration>512</duration>
    <instrument id="P2-I1" />
    <voice>1</voice>
    <type>half</type>
    <stem>down</stem>
    <staff>1</staff>
   </note>
   <note color="#000000" default-x="306" default-y="-5">
    <pitch>
     <step>G</step>
     <octave>2</octave>
    </pitch>
    <duration>512</duration>
    <instrument id="P2-I1" />
    <voice>1</voice>
    <type>half</type>
    <stem>up</stem>
    <staff>1</staff>
   </note>
  </measure>
  <!--============== Part: P2, Measure: 19 ==============-->
  <measure number="19" width="325">
   <note color="#000000" default-x="15">
    <pitch>
     <step>D</step>
     <octave>3</octave>
    </pitch>
    <duration>1024</duration>
    <instrument id="P2-I1" />
    <voice>1</voice>
    <type>whole</type>
    <staff>1</staff>
   </note>
   <note default-x="170">
    <rest />
    <duration>512</duration>
    <instrument id="P2-I1" />
    <voice>1</voice>
    <type>half</type>
    <staff>1</staff>
   </note>
   <note color="#000000" default-x="247" default-y="-55">
    <pitch>
     <step>D</step>
     <octave>3</octave>
    </pitch>
    <duration>512</duration>
    <instrument id="P2-I1" />
    <voice>1</voice>
    <type>half</type>
    <stem>down</stem>
    <staff>1</staff>
   </note>
  </measure>
  <!--============== Part: P2, Measure: 20 ==============-->
  <measure number="20" width="324">
   <note color="#000000" default-x="15" default-y="-55">
    <pitch>
     <step>D</step>
     <octave>3</octave>
    </pitch>
    <duration>512</duration>
    <instrument id="P2-I1" />
    <voice>1</voice>
    <type>half</type>
    <stem>down</stem>
    <staff>1</staff>
   </note>
   <note color="#000000" default-x="92" default-y="10">
    <pitch>
     <step>C</step>
     <octave>3</octave>
    </pitch>
    <duration>512</duration>
    <instrument id="P2-I1" />
    <voice>1</voice>
    <type>half</type>
    <stem>up</stem>
    <staff>1</staff>
   </note>
   <note color="#000000" default-x="169" default-y="-55">
    <pitch>
     <step>D</step>
     <octave>3</octave>
    </pitch>
    <duration>512</duration>
    <instrument id="P2-I1" />
    <voice>1</voice>
    <type>half</type>
    <stem>down</stem>
    <staff>1</staff>
   </note>
   <note color="#000000" default-x="247" default-y="-5">
    <pitch>
     <step>G</step>
     <octave>2</octave>
    </pitch>
    <duration>512</duration>
    <instrument id="P2-I1" />
    <voice>1</voice>
    <type>half</type>
    <stem>up</stem>
    <staff>1</staff>
   </note>
  </measure>
  <!--============== Part: P2, Measure: 21 ==============-->
  <measure number="21" width="441">
   <print new-system="yes">
    <system-layout>
     <system-margins>
      <left-margin>22</left-margin>
      <right-margin>0</right-margin>
     </system-margins>
    </system-layout>
    <staff-layout number="1">
     <staff-distance>85</staff-distance>
    </staff-layout>
   </print>
   <attributes>
    <staff-details number="1" print-object="yes" />
   </attributes>
   <note color="#000000" default-x="73">
    <pitch>
     <step>D</step>
     <octave>3</octave>
    </pitch>
    <duration>2048</duration>
    <tie type="start" />
    <instrument id="P2-I1" />
    <voice>1</voice>
    <type>breve</type>
    <staff>1</staff>
    <notations>
     <tied type="start" orientation="over" />
    </notations>
   </note>
  </measure>
  <!--============== Part: P2, Measure: 22 ==============-->
  <measure number="22" width="398">
   <note color="#000000" default-x="15">
    <pitch>
     <step>D</step>
     <octave>3</octave>
    </pitch>
    <duration>2048</duration>
    <tie type="stop" />
    <tie type="start" />
    <instrument id="P2-I1" />
    <voice>1</voice>
    <type>breve</type>
    <staff>1</staff>
    <notations>
     <tied type="stop" orientation="over" />
     <tied type="start" orientation="over" />
    </notations>
   </note>
  </measure>
  <!--============== Part: P2, Measure: 23 ==============-->
  <measure number="23" width="193">
   <note color="#000000" default-x="15">
    <pitch>
     <step>D</step>
     <octave>3</octave>
    </pitch>
    <duration>2048</duration>
    <tie type="stop" />
    <instrument id="P2-I1" />
    <voice>1</voice>
    <type>breve</type>
    <staff>1</staff>
    <notations>
     <tied type="stop" orientation="over" />
    </notations>
   </note>
   <barline>
    <bar-style>light-heavy</bar-style>
   </barline>
  </measure>
 </part>
</score-partwise>
