<?xml version="1.0" encoding='UTF-8' standalone='no' ?>
<!DOCTYPE score-partwise PUBLIC "-//Recordare//DTD MusicXML 3.0 Partwise//EN" "http://www.musicxml.org/dtds/partwise.dtd">
<score-partwise version="3.0">
 <work>
  <work-title>Gloria tua</work-title>
 </work>
 <identification>
  <creator type="composer">Pierre de la Rue</creator>
  <creator type="arranger">http://josquin.stanford.edu/work/?id=Rue1003</creator>
  <rights>Copyright © </rights>
  <encoding>
   <encoding-date>2018-07-23</encoding-date>
   <encoder>Jonathan Stuchbery</encoder>
   <software>Sibelius 18.5.0</software>
   <software>Direct export, not from Dolet</software>
   <encoding-description>Sibelius / MusicXML 3.0</encoding-description>
   <supports element="print" type="yes" value="yes" attribute="new-system" />
   <supports element="print" type="yes" value="yes" attribute="new-page" />
   <supports element="accidental" type="yes" />
   <supports element="beam" type="yes" />
   <supports element="stem" type="yes" />
  </encoding>
 </identification>
 <defaults>
  <scaling>
   <millimeters>210</millimeters>
   <tenths>1200</tenths>
  </scaling>
  <page-layout>
   <page-height>1697</page-height>
   <page-width>1200</page-width>
   <page-margins type="both">
    <left-margin>72</left-margin>
    <right-margin>72</right-margin>
    <top-margin>72</top-margin>
    <bottom-margin>72</bottom-margin>
   </page-margins>
  </page-layout>
  <system-layout>
   <system-margins>
    <left-margin>21</left-margin>
    <right-margin>0</right-margin>
   </system-margins>
   <system-distance>92</system-distance>
  </system-layout>
  <appearance>
   <line-width type="stem">0.9375</line-width>
   <line-width type="beam">5</line-width>
   <line-width type="staff">0.9375</line-width>
   <line-width type="light barline">1.5625</line-width>
   <line-width type="heavy barline">5</line-width>
   <line-width type="leger">1.5625</line-width>
   <line-width type="ending">1.5625</line-width>
   <line-width type="wedge">1.25</line-width>
   <line-width type="enclosure">0.9375</line-width>
   <line-width type="tuplet bracket">1.25</line-width>
   <line-width type="bracket">5</line-width>
   <line-width type="dashes">1.5625</line-width>
   <line-width type="extend">0.9375</line-width>
   <line-width type="octave shift">1.5625</line-width>
   <line-width type="pedal">1.5625</line-width>
   <line-width type="slur middle">1.5625</line-width>
   <line-width type="slur tip">0.625</line-width>
   <line-width type="tie middle">1.5625</line-width>
   <line-width type="tie tip">0.625</line-width>
   <note-size type="cue">75</note-size>
   <note-size type="grace">60</note-size>
  </appearance>
  <music-font font-family="Opus Std" font-size="19.8425" />
  <lyric-font font-family="Plantin MT Std" font-size="11.4715" />
  <lyric-language xml:lang="en" />
 </defaults>
 <credit page="1">
  <credit-words default-x="600" default-y="155" font-family="Plantin MT Std" font-style="normal" font-size="22.0128" font-weight="normal" justify="center" valign="middle">Gloria tua</credit-words>
 </credit>
 <credit page="1">
  <credit-words default-x="600" default-y="118" font-family="Plantin MT Std" font-style="normal" font-size="13.9518" font-weight="normal" justify="center" valign="middle">Missa Assumpta est Maria</credit-words>
 </credit>
 <credit page="1">
  <credit-words default-x="1127" default-y="84" font-family="Plantin MT Std" font-style="normal" font-size="11.0064" font-weight="normal" justify="right" valign="middle">Pierre de la Rue</credit-words>
 </credit>
 <part-list>
  <part-group type="start" number="1">
   <group-symbol>bracket</group-symbol>
  </part-group>
  <score-part id="P1">
   <part-name>Discantus</part-name>
   <part-name-display>
    <display-text>Discantus</display-text>
   </part-name-display>
   <score-instrument id="P1-I1">
    <instrument-name>Tenor</instrument-name>
    <virtual-instrument>
     <virtual-library>General MIDI</virtual-library>
     <virtual-name>Tenor Ensemble</virtual-name>
    </virtual-instrument>
   </score-instrument>
  </score-part>
  <score-part id="P2">
   <part-name>Tenor</part-name>
   <part-name-display>
    <display-text>Tenor</display-text>
   </part-name-display>
   <score-instrument id="P2-I1">
    <instrument-name>Bass (2)</instrument-name>
    <virtual-instrument>
     <virtual-library>General MIDI</virtual-library>
     <virtual-name>Bass Ensemble</virtual-name>
    </virtual-instrument>
   </score-instrument>
  </score-part>
  <part-group type="stop" number="1" />
 </part-list>
 <part id="P1">
  <!--============== Part: P1, Measure: 1 ==============-->
  <measure number="1" width="441">
   <print new-page="yes">
    <system-layout>
     <system-margins>
      <left-margin>124</left-margin>
      <right-margin>0</right-margin>
     </system-margins>
     <top-system-distance>218</top-system-distance>
    </system-layout>
   </print>
   <attributes>
    <divisions>256</divisions>
    <key color="#000000">
     <fifths>-1</fifths>
     <mode>major</mode>
    </key>
    <time color="#000000">
     <beats>3</beats>
     <beat-type>1</beat-type>
    </time>
    <staves>1</staves>
    <clef number="1" color="#000000">
     <sign>G</sign>
     <line>2</line>
     <clef-octave-change>-1</clef-octave-change>
    </clef>
    <staff-details number="1" print-object="yes" />
    <transpose>
     <diatonic>0</diatonic>
     <chromatic>0</chromatic>
     <octave-change>-1</octave-change>
    </transpose>
   </attributes>
   <note color="#000000" default-x="110">
    <pitch>
     <step>C</step>
     <octave>4</octave>
    </pitch>
    <duration>1536</duration>
    <instrument id="P1-I1" />
    <voice>1</voice>
    <type>whole</type>
    <dot />
    <staff>1</staff>
   </note>
   <note color="#000000" default-x="246" default-y="-50">
    <pitch>
     <step>C</step>
     <octave>4</octave>
    </pitch>
    <duration>512</duration>
    <instrument id="P1-I1" />
    <voice>1</voice>
    <type>half</type>
    <stem>down</stem>
    <staff>1</staff>
   </note>
   <note color="#000000" default-x="328">
    <pitch>
     <step>E</step>
     <octave>4</octave>
    </pitch>
    <duration>1024</duration>
    <instrument id="P1-I1" />
    <voice>1</voice>
    <type>whole</type>
    <staff>1</staff>
   </note>
  </measure>
  <!--============== Part: P1, Measure: 2 ==============-->
  <measure number="2" width="488">
   <note color="#000000" default-x="15">
    <pitch>
     <step>D</step>
     <octave>4</octave>
    </pitch>
    <duration>1024</duration>
    <instrument id="P1-I1" />
    <voice>1</voice>
    <type>whole</type>
    <staff>1</staff>
   </note>
   <note color="#000000" default-x="179" default-y="-50">
    <pitch>
     <step>C</step>
     <octave>4</octave>
    </pitch>
    <duration>768</duration>
    <instrument id="P1-I1" />
    <voice>1</voice>
    <type>half</type>
    <dot />
    <stem>down</stem>
    <staff>1</staff>
   </note>
   <note color="#000000" default-x="276" default-y="-45">
    <pitch>
     <step>D</step>
     <octave>4</octave>
    </pitch>
    <duration>256</duration>
    <instrument id="P1-I1" />
    <voice>1</voice>
    <type>quarter</type>
    <stem>down</stem>
    <staff>1</staff>
   </note>
   <note color="#000000" default-x="324" default-y="-40">
    <pitch>
     <step>E</step>
     <octave>4</octave>
    </pitch>
    <duration>512</duration>
    <instrument id="P1-I1" />
    <voice>1</voice>
    <type>half</type>
    <stem>down</stem>
    <staff>1</staff>
   </note>
   <note color="#000000" default-x="406" default-y="-45">
    <pitch>
     <step>D</step>
     <octave>4</octave>
    </pitch>
    <duration>512</duration>
    <tie type="start" />
    <instrument id="P1-I1" />
    <voice>1</voice>
    <type>half</type>
    <stem>down</stem>
    <staff>1</staff>
    <notations>
     <tied type="start" orientation="over" />
    </notations>
   </note>
  </measure>
  <!--============== Part: P1, Measure: 3 ==============-->
  <measure number="3" width="527">
   <print new-system="yes">
    <system-layout>
     <system-margins>
      <left-margin>22</left-margin>
      <right-margin>0</right-margin>
     </system-margins>
     <system-distance>105</system-distance>
    </system-layout>
   </print>
   <attributes>
    <staff-details number="1" print-object="yes" />
   </attributes>
   <note color="#000000" default-x="73" default-y="-45">
    <pitch>
     <step>D</step>
     <octave>4</octave>
    </pitch>
    <duration>512</duration>
    <tie type="stop" />
    <instrument id="P1-I1" />
    <voice>1</voice>
    <type>half</type>
    <stem>down</stem>
    <staff>1</staff>
    <notations>
     <tied type="stop" orientation="over" />
    </notations>
   </note>
   <note color="#000000" default-x="155" default-y="-50">
    <pitch>
     <step>C</step>
     <octave>4</octave>
    </pitch>
    <duration>256</duration>
    <instrument id="P1-I1" />
    <voice>1</voice>
    <type>quarter</type>
    <stem>down</stem>
    <staff>1</staff>
   </note>
   <note color="#000000" default-x="203" default-y="-55">
    <pitch>
     <step>B</step>
     <alter>-1</alter>
     <octave>3</octave>
    </pitch>
    <duration>256</duration>
    <instrument id="P1-I1" />
    <voice>1</voice>
    <type>quarter</type>
    <stem>down</stem>
    <staff>1</staff>
   </note>
   <note color="#000000" default-x="251">
    <pitch>
     <step>A</step>
     <octave>3</octave>
    </pitch>
    <duration>1024</duration>
    <instrument id="P1-I1" />
    <voice>1</voice>
    <type>whole</type>
    <staff>1</staff>
   </note>
   <note default-x="364">
    <rest />
    <duration>512</duration>
    <instrument id="P1-I1" />
    <voice>1</voice>
    <type>half</type>
    <staff>1</staff>
   </note>
   <note color="#000000" default-x="445" default-y="-45">
    <pitch>
     <step>D</step>
     <octave>4</octave>
    </pitch>
    <duration>512</duration>
    <tie type="start" />
    <instrument id="P1-I1" />
    <voice>1</voice>
    <type>half</type>
    <stem>down</stem>
    <staff>1</staff>
    <notations>
     <tied type="start" orientation="over" />
    </notations>
   </note>
  </measure>
  <!--============== Part: P1, Measure: 4 ==============-->
  <measure number="4" width="505">
   <note color="#000000" default-x="15" default-y="-45">
    <pitch>
     <step>D</step>
     <octave>4</octave>
    </pitch>
    <duration>512</duration>
    <tie type="stop" />
    <instrument id="P1-I1" />
    <voice>1</voice>
    <type>half</type>
    <stem>down</stem>
    <staff>1</staff>
    <notations>
     <tied type="stop" orientation="over" />
    </notations>
   </note>
   <note color="#000000" default-x="96" default-y="-40">
    <pitch>
     <step>E</step>
     <octave>4</octave>
    </pitch>
    <duration>512</duration>
    <instrument id="P1-I1" />
    <voice>1</voice>
    <type>half</type>
    <stem>down</stem>
    <staff>1</staff>
   </note>
   <note color="#000000" default-x="178" default-y="-35">
    <pitch>
     <step>F</step>
     <octave>4</octave>
    </pitch>
    <duration>512</duration>
    <instrument id="P1-I1" />
    <voice>1</voice>
    <type>half</type>
    <stem>down</stem>
    <staff>1</staff>
   </note>
   <note color="#000000" default-x="260" default-y="-30">
    <pitch>
     <step>G</step>
     <octave>4</octave>
    </pitch>
    <duration>768</duration>
    <instrument id="P1-I1" />
    <voice>1</voice>
    <type>half</type>
    <dot />
    <stem>down</stem>
    <staff>1</staff>
   </note>
   <note color="#000000" default-x="361" default-y="-35">
    <pitch>
     <step>F</step>
     <octave>4</octave>
    </pitch>
    <duration>256</duration>
    <instrument id="P1-I1" />
    <voice>1</voice>
    <type>quarter</type>
    <stem>down</stem>
    <staff>1</staff>
   </note>
   <note color="#000000" default-x="409" default-y="-40">
    <pitch>
     <step>E</step>
     <octave>4</octave>
    </pitch>
    <duration>256</duration>
    <instrument id="P1-I1" />
    <voice>1</voice>
    <type>quarter</type>
    <stem>down</stem>
    <staff>1</staff>
   </note>
   <note color="#000000" default-x="457" default-y="-45">
    <pitch>
     <step>D</step>
     <octave>4</octave>
    </pitch>
    <duration>256</duration>
    <instrument id="P1-I1" />
    <voice>1</voice>
    <type>quarter</type>
    <stem>down</stem>
    <staff>1</staff>
   </note>
  </measure>
  <!--============== Part: P1, Measure: 5 ==============-->
  <measure number="5" width="577">
   <print new-system="yes">
    <system-layout>
     <system-margins>
      <left-margin>22</left-margin>
      <right-margin>0</right-margin>
     </system-margins>
     <system-distance>105</system-distance>
    </system-layout>
   </print>
   <attributes>
    <staff-details number="1" print-object="yes" />
   </attributes>
   <note color="#000000" default-x="73" default-y="-50">
    <pitch>
     <step>C</step>
     <octave>4</octave>
    </pitch>
    <duration>512</duration>
    <instrument id="P1-I1" />
    <voice>1</voice>
    <type>half</type>
    <stem>down</stem>
    <staff>1</staff>
   </note>
   <note color="#000000" default-x="158">
    <pitch>
     <step>F</step>
     <octave>4</octave>
    </pitch>
    <duration>1024</duration>
    <instrument id="P1-I1" />
    <voice>1</voice>
    <type>whole</type>
    <staff>1</staff>
   </note>
   <note color="#000000" default-x="315" default-y="-40">
    <pitch>
     <step>E</step>
     <octave>4</octave>
    </pitch>
    <duration>768</duration>
    <instrument id="P1-I1" />
    <voice>1</voice>
    <type>half</type>
    <dot />
    <stem>down</stem>
    <staff>1</staff>
   </note>
   <note color="#000000" default-x="442" default-y="-50">
    <pitch>
     <step>C</step>
     <octave>4</octave>
    </pitch>
    <duration>256</duration>
    <instrument id="P1-I1" />
    <voice>1</voice>
    <type>quarter</type>
    <stem>down</stem>
    <staff>1</staff>
   </note>
   <note color="#000000" default-x="492" default-y="-45">
    <pitch>
     <step>D</step>
     <octave>4</octave>
    </pitch>
    <duration>512</duration>
    <instrument id="P1-I1" />
    <voice>1</voice>
    <type>half</type>
    <stem>down</stem>
    <staff>1</staff>
   </note>
  </measure>
  <!--============== Part: P1, Measure: 6 ==============-->
  <measure number="6" width="455">
   <note color="#000000" default-x="15" default-y="-40">
    <pitch>
     <step>E</step>
     <octave>4</octave>
    </pitch>
    <duration>512</duration>
    <instrument id="P1-I1" />
    <voice>1</voice>
    <type>half</type>
    <stem>down</stem>
    <staff>1</staff>
   </note>
   <note color="#000000" default-x="99">
    <pitch>
     <step>C</step>
     <octave>4</octave>
    </pitch>
    <duration>1024</duration>
    <instrument id="P1-I1" />
    <voice>1</voice>
    <type>whole</type>
    <staff>1</staff>
   </note>
   <note color="#000000" default-x="216">
    <pitch>
     <step>F</step>
     <octave>4</octave>
    </pitch>
    <duration>1024</duration>
    <instrument id="P1-I1" />
    <voice>1</voice>
    <type>whole</type>
    <staff>1</staff>
   </note>
   <note color="#000000" default-x="371" default-y="-40">
    <pitch>
     <step>E</step>
     <octave>4</octave>
    </pitch>
    <duration>512</duration>
    <tie type="start" />
    <instrument id="P1-I1" />
    <voice>1</voice>
    <type>half</type>
    <stem>down</stem>
    <staff>1</staff>
    <notations>
     <tied type="start" orientation="over" />
    </notations>
   </note>
  </measure>
  <!--============== Part: P1, Measure: 7 ==============-->
  <measure number="7" width="554">
   <print new-system="yes">
    <system-layout>
     <system-margins>
      <left-margin>22</left-margin>
      <right-margin>0</right-margin>
     </system-margins>
     <system-distance>105</system-distance>
    </system-layout>
   </print>
   <attributes>
    <staff-details number="1" print-object="yes" />
   </attributes>
   <note color="#000000" default-x="73" default-y="-40">
    <pitch>
     <step>E</step>
     <octave>4</octave>
    </pitch>
    <duration>256</duration>
    <tie type="stop" />
    <instrument id="P1-I1" />
    <voice>1</voice>
    <type>quarter</type>
    <stem>down</stem>
    <staff>1</staff>
    <notations>
     <tied type="stop" orientation="over" />
    </notations>
   </note>
   <note color="#000000" default-x="118" default-y="-50">
    <pitch>
     <step>C</step>
     <octave>4</octave>
    </pitch>
    <duration>256</duration>
    <instrument id="P1-I1" />
    <voice>1</voice>
    <type>quarter</type>
    <stem>down</stem>
    <staff>1</staff>
   </note>
   <note color="#000000" default-x="162" default-y="-45">
    <pitch>
     <step>D</step>
     <octave>4</octave>
    </pitch>
    <duration>512</duration>
    <instrument id="P1-I1" />
    <voice>1</voice>
    <type>half</type>
    <stem>down</stem>
    <staff>1</staff>
   </note>
   <note color="#000000" default-x="251" default-y="-40">
    <pitch>
     <step>E</step>
     <octave>4</octave>
    </pitch>
    <duration>512</duration>
    <instrument id="P1-I1" />
    <voice>1</voice>
    <type>half</type>
    <stem>down</stem>
    <staff>1</staff>
   </note>
   <note color="#000000" default-x="327" default-y="-50">
    <pitch>
     <step>C</step>
     <octave>4</octave>
    </pitch>
    <duration>512</duration>
    <instrument id="P1-I1" />
    <voice>1</voice>
    <type>half</type>
    <stem>down</stem>
    <staff>1</staff>
   </note>
   <note color="#000000" default-x="403" default-y="-35">
    <pitch>
     <step>F</step>
     <octave>4</octave>
    </pitch>
    <duration>512</duration>
    <instrument id="P1-I1" />
    <voice>1</voice>
    <type>half</type>
    <stem>down</stem>
    <staff>1</staff>
   </note>
   <note color="#000000" default-x="478" default-y="-40">
    <pitch>
     <step>E</step>
     <octave>4</octave>
    </pitch>
    <duration>512</duration>
    <tie type="start" />
    <instrument id="P1-I1" />
    <voice>1</voice>
    <type>half</type>
    <stem>down</stem>
    <staff>1</staff>
    <notations>
     <tied type="start" orientation="over" />
    </notations>
   </note>
  </measure>
  <!--============== Part: P1, Measure: 8 ==============-->
  <measure number="8" width="478">
   <note color="#000000" default-x="15" default-y="-40">
    <pitch>
     <step>E</step>
     <octave>4</octave>
    </pitch>
    <duration>256</duration>
    <tie type="stop" />
    <instrument id="P1-I1" />
    <voice>1</voice>
    <type>quarter</type>
    <stem>down</stem>
    <staff>1</staff>
    <notations>
     <tied type="stop" orientation="over" />
    </notations>
   </note>
   <note color="#000000" default-x="59" default-y="-50">
    <pitch>
     <step>C</step>
     <octave>4</octave>
    </pitch>
    <duration>256</duration>
    <instrument id="P1-I1" />
    <voice>1</voice>
    <type>quarter</type>
    <stem>down</stem>
    <staff>1</staff>
   </note>
   <note color="#000000" default-x="104" default-y="-45">
    <pitch>
     <step>D</step>
     <octave>4</octave>
    </pitch>
    <duration>512</duration>
    <instrument id="P1-I1" />
    <voice>1</voice>
    <type>half</type>
    <stem>down</stem>
    <staff>1</staff>
   </note>
   <note color="#000000" default-x="179" default-y="-40">
    <pitch>
     <step>E</step>
     <octave>4</octave>
    </pitch>
    <duration>512</duration>
    <instrument id="P1-I1" />
    <voice>1</voice>
    <type>half</type>
    <stem>down</stem>
    <staff>1</staff>
   </note>
   <note color="#000000" default-x="255" default-y="-35">
    <pitch>
     <step>F</step>
     <octave>4</octave>
    </pitch>
    <duration>768</duration>
    <instrument id="P1-I1" />
    <voice>1</voice>
    <type>half</type>
    <dot />
    <stem>down</stem>
    <staff>1</staff>
   </note>
   <note color="#000000" default-x="345" default-y="-40">
    <pitch>
     <step>E</step>
     <octave>4</octave>
    </pitch>
    <duration>256</duration>
    <instrument id="P1-I1" />
    <voice>1</voice>
    <type>quarter</type>
    <stem>down</stem>
    <staff>1</staff>
   </note>
   <note color="#000000" default-x="389" default-y="-45">
    <pitch>
     <step>D</step>
     <octave>4</octave>
    </pitch>
    <duration>256</duration>
    <instrument id="P1-I1" />
    <voice>1</voice>
    <type>quarter</type>
    <stem>down</stem>
    <staff>1</staff>
   </note>
   <note color="#000000" default-x="434" default-y="-50">
    <pitch>
     <step>C</step>
     <octave>4</octave>
    </pitch>
    <duration>256</duration>
    <instrument id="P1-I1" />
    <voice>1</voice>
    <type>quarter</type>
    <stem>down</stem>
    <staff>1</staff>
   </note>
  </measure>
  <!--============== Part: P1, Measure: 9 ==============-->
  <measure number="9" width="767">
   <print new-system="yes">
    <system-layout>
     <system-margins>
      <left-margin>22</left-margin>
      <right-margin>0</right-margin>
     </system-margins>
     <system-distance>105</system-distance>
    </system-layout>
   </print>
   <attributes>
    <staff-details number="1" print-object="yes" />
   </attributes>
   <note color="#000000" default-x="73" default-y="-45">
    <pitch>
     <step>D</step>
     <octave>4</octave>
    </pitch>
    <duration>512</duration>
    <instrument id="P1-I1" />
    <voice>1</voice>
    <type>half</type>
    <stem>down</stem>
    <staff>1</staff>
   </note>
   <note color="#000000" default-x="206" default-y="-40">
    <pitch>
     <step>E</step>
     <octave>4</octave>
    </pitch>
    <duration>768</duration>
    <instrument id="P1-I1" />
    <voice>1</voice>
    <type>half</type>
    <dot />
    <stem>down</stem>
    <staff>1</staff>
   </note>
   <note color="#000000" default-x="373" default-y="-45">
    <pitch>
     <step>D</step>
     <octave>4</octave>
    </pitch>
    <duration>256</duration>
    <instrument id="P1-I1" />
    <voice>1</voice>
    <type>quarter</type>
    <stem>down</stem>
    <staff>1</staff>
   </note>
   <note color="#000000" default-x="451">
    <pitch>
     <step>C</step>
     <octave>4</octave>
    </pitch>
    <duration>1024</duration>
    <instrument id="P1-I1" />
    <voice>1</voice>
    <type>whole</type>
    <staff>1</staff>
   </note>
   <note color="#000000" default-x="634" default-y="-55">
    <pitch>
     <step>B</step>
     <alter>-1</alter>
     <octave>3</octave>
    </pitch>
    <duration>512</duration>
    <instrument id="P1-I1" />
    <voice>1</voice>
    <type>half</type>
    <stem>down</stem>
    <staff>1</staff>
   </note>
  </measure>
  <!--============== Part: P1, Measure: 10 ==============-->
  <measure number="10" width="265">
   <note color="#000000" default-x="15">
    <pitch>
     <step>C</step>
     <octave>4</octave>
    </pitch>
    <duration>3072</duration>
    <instrument id="P1-I1" />
    <voice>1</voice>
    <type>breve</type>
    <dot />
    <staff>1</staff>
   </note>
   <barline>
    <bar-style>light-heavy</bar-style>
   </barline>
  </measure>
 </part>
 <part id="P2">
  <!--============== Part: P2, Measure: 1 ==============-->
  <measure number="1" width="441">
   <print new-page="yes">
    <system-layout>
     <system-margins>
      <left-margin>124</left-margin>
      <right-margin>0</right-margin>
     </system-margins>
    </system-layout>
    <staff-layout number="1">
     <staff-distance>88</staff-distance>
    </staff-layout>
   </print>
   <attributes>
    <divisions>256</divisions>
    <key color="#000000">
     <fifths>-1</fifths>
     <mode>major</mode>
    </key>
    <time color="#000000">
     <beats>3</beats>
     <beat-type>1</beat-type>
    </time>
    <staves>1</staves>
    <clef number="1" color="#000000">
     <sign>F</sign>
     <line>4</line>
    </clef>
    <staff-details number="1" print-object="yes" />
   </attributes>
   <note default-x="110">
    <rest />
    <duration>1024</duration>
    <instrument id="P2-I1" />
    <voice>1</voice>
    <type>whole</type>
    <staff>1</staff>
   </note>
   <note default-x="223">
    <rest />
    <duration>1024</duration>
    <instrument id="P2-I1" />
    <voice>1</voice>
    <type>whole</type>
    <staff>1</staff>
   </note>
   <note color="#000000" default-x="328">
    <pitch>
     <step>G</step>
     <octave>3</octave>
    </pitch>
    <duration>1024</duration>
    <tie type="start" />
    <instrument id="P2-I1" />
    <voice>1</voice>
    <type>whole</type>
    <staff>1</staff>
    <notations>
     <tied type="start" orientation="over" />
    </notations>
   </note>
  </measure>
  <!--============== Part: P2, Measure: 2 ==============-->
  <measure number="2" width="488">
   <note color="#000000" default-x="15" default-y="-40">
    <pitch>
     <step>G</step>
     <octave>3</octave>
    </pitch>
    <duration>512</duration>
    <tie type="stop" />
    <instrument id="P2-I1" />
    <voice>1</voice>
    <type>half</type>
    <stem>down</stem>
    <staff>1</staff>
    <notations>
     <tied type="stop" orientation="over" />
    </notations>
   </note>
   <note color="#000000" default-x="96" default-y="-40">
    <pitch>
     <step>G</step>
     <octave>3</octave>
    </pitch>
    <duration>512</duration>
    <instrument id="P2-I1" />
    <voice>1</voice>
    <type>half</type>
    <stem>down</stem>
    <staff>1</staff>
   </note>
   <note color="#000000" default-x="179">
    <pitch>
     <step>A</step>
     <octave>3</octave>
    </pitch>
    <duration>1024</duration>
    <instrument id="P2-I1" />
    <voice>1</voice>
    <type>whole</type>
    <staff>1</staff>
   </note>
   <note color="#000000" default-x="324">
    <pitch>
     <step>G</step>
     <octave>3</octave>
    </pitch>
    <duration>1024</duration>
    <instrument id="P2-I1" />
    <voice>1</voice>
    <type>whole</type>
    <staff>1</staff>
   </note>
  </measure>
  <!--============== Part: P2, Measure: 3 ==============-->
  <measure number="3" width="527">
   <print new-system="yes">
    <system-layout>
     <system-margins>
      <left-margin>22</left-margin>
      <right-margin>0</right-margin>
     </system-margins>
    </system-layout>
    <staff-layout number="1">
     <staff-distance>88</staff-distance>
    </staff-layout>
   </print>
   <attributes>
    <staff-details number="1" print-object="yes" />
   </attributes>
   <note color="#000000" default-x="73">
    <pitch>
     <step>F</step>
     <octave>3</octave>
    </pitch>
    <duration>2048</duration>
    <instrument id="P2-I1" />
    <voice>1</voice>
    <type>breve</type>
    <staff>1</staff>
   </note>
   <note color="#000000" default-x="364">
    <pitch>
     <step>F</step>
     <octave>3</octave>
    </pitch>
    <duration>1024</duration>
    <instrument id="P2-I1" />
    <voice>1</voice>
    <type>whole</type>
    <staff>1</staff>
   </note>
  </measure>
  <!--============== Part: P2, Measure: 4 ==============-->
  <measure number="4" width="505">
   <note color="#000000" default-x="15">
    <pitch>
     <step>G</step>
     <octave>3</octave>
    </pitch>
    <duration>1024</duration>
    <instrument id="P2-I1" />
    <voice>1</voice>
    <type>whole</type>
    <staff>1</staff>
   </note>
   <note color="#000000" default-x="178" default-y="-35">
    <pitch>
     <step>A</step>
     <octave>3</octave>
    </pitch>
    <duration>512</duration>
    <instrument id="P2-I1" />
    <voice>1</voice>
    <type>half</type>
    <stem>down</stem>
    <staff>1</staff>
   </note>
   <note color="#000000" default-x="260" default-y="-40">
    <pitch>
     <step>G</step>
     <octave>3</octave>
    </pitch>
    <duration>512</duration>
    <instrument id="P2-I1" />
    <voice>1</voice>
    <type>half</type>
    <stem>down</stem>
    <staff>1</staff>
   </note>
   <note color="#000000" default-x="341">
    <pitch>
     <step>B</step>
     <alter>-1</alter>
     <octave>3</octave>
    </pitch>
    <duration>1024</duration>
    <instrument id="P2-I1" />
    <voice>1</voice>
    <type>whole</type>
    <staff>1</staff>
   </note>
  </measure>
  <!--============== Part: P2, Measure: 5 ==============-->
  <measure number="5" width="577">
   <print new-system="yes">
    <system-layout>
     <system-margins>
      <left-margin>22</left-margin>
      <right-margin>0</right-margin>
     </system-margins>
    </system-layout>
    <staff-layout number="1">
     <staff-distance>88</staff-distance>
    </staff-layout>
   </print>
   <attributes>
    <staff-details number="1" print-object="yes" />
   </attributes>
   <note color="#000000" default-x="73" default-y="-35">
    <pitch>
     <step>A</step>
     <octave>3</octave>
    </pitch>
    <duration>768</duration>
    <instrument id="P2-I1" />
    <voice>1</voice>
    <type>half</type>
    <dot />
    <stem>down</stem>
    <staff>1</staff>
   </note>
   <note color="#000000" default-x="190" default-y="-55">
    <pitch>
     <step>D</step>
     <octave>3</octave>
    </pitch>
    <duration>256</duration>
    <instrument id="P2-I1" />
    <voice>1</voice>
    <type>quarter</type>
    <stem>down</stem>
    <staff>1</staff>
   </note>
   <note color="#000000" default-x="240" default-y="-35">
    <pitch>
     <step>A</step>
     <octave>3</octave>
    </pitch>
    <duration>768</duration>
    <instrument id="P2-I1" />
    <voice>1</voice>
    <type>half</type>
    <dot />
    <stem>down</stem>
    <staff>1</staff>
   </note>
   <note color="#000000" default-x="350" default-y="-45">
    <pitch>
     <step>F</step>
     <octave>3</octave>
    </pitch>
    <duration>256</duration>
    <instrument id="P2-I1" />
    <voice>1</voice>
    <type>quarter</type>
    <stem>down</stem>
    <staff>1</staff>
   </note>
   <note color="#000000" default-x="400">
    <pitch>
     <step>G</step>
     <octave>3</octave>
    </pitch>
    <duration>1024</duration>
    <instrument id="P2-I1" />
    <voice>1</voice>
    <type>whole</type>
    <staff>1</staff>
   </note>
  </measure>
  <!--============== Part: P2, Measure: 6 ==============-->
  <measure number="6" width="455">
   <note color="#000000" default-x="15">
    <pitch>
     <step>C</step>
     <octave>3</octave>
    </pitch>
    <duration>1024</duration>
    <instrument id="P2-I1" />
    <voice>1</voice>
    <type>whole</type>
    <staff>1</staff>
   </note>
   <note color="#000000" default-x="162">
    <pitch>
     <step>F</step>
     <octave>3</octave>
    </pitch>
    <duration>1024</duration>
    <instrument id="P2-I1" />
    <voice>1</voice>
    <type>whole</type>
    <staff>1</staff>
   </note>
   <note color="#000000" default-x="286" default-y="-55">
    <pitch>
     <step>D</step>
     <octave>3</octave>
    </pitch>
    <duration>512</duration>
    <instrument id="P2-I1" />
    <voice>1</voice>
    <type>half</type>
    <stem>down</stem>
    <staff>1</staff>
   </note>
   <note color="#000000" default-x="371" default-y="-40">
    <pitch>
     <step>G</step>
     <octave>3</octave>
    </pitch>
    <duration>512</duration>
    <tie type="start" />
    <instrument id="P2-I1" />
    <voice>1</voice>
    <type>half</type>
    <stem>down</stem>
    <staff>1</staff>
    <notations>
     <tied type="start" orientation="over" />
    </notations>
   </note>
  </measure>
  <!--============== Part: P2, Measure: 7 ==============-->
  <measure number="7" width="554">
   <print new-system="yes">
    <system-layout>
     <system-margins>
      <left-margin>22</left-margin>
      <right-margin>0</right-margin>
     </system-margins>
    </system-layout>
    <staff-layout number="1">
     <staff-distance>88</staff-distance>
    </staff-layout>
   </print>
   <attributes>
    <staff-details number="1" print-object="yes" />
   </attributes>
   <note color="#000000" default-x="73" default-y="-40">
    <pitch>
     <step>G</step>
     <octave>3</octave>
    </pitch>
    <duration>256</duration>
    <tie type="stop" />
    <instrument id="P2-I1" />
    <voice>1</voice>
    <type>quarter</type>
    <stem>down</stem>
    <staff>1</staff>
    <notations>
     <tied type="stop" orientation="over" />
    </notations>
   </note>
   <note color="#000000" default-x="118" default-y="-45">
    <pitch>
     <step>F</step>
     <octave>3</octave>
    </pitch>
    <duration>256</duration>
    <instrument id="P2-I1" />
    <voice>1</voice>
    <type>quarter</type>
    <stem>down</stem>
    <staff>1</staff>
   </note>
   <note color="#000000" default-x="162" default-y="-50">
    <pitch>
     <step>E</step>
     <octave>3</octave>
    </pitch>
    <duration>256</duration>
    <instrument id="P2-I1" />
    <voice>1</voice>
    <type>quarter</type>
    <stem>down</stem>
    <staff>1</staff>
   </note>
   <note color="#000000" default-x="207" default-y="-55">
    <pitch>
     <step>D</step>
     <octave>3</octave>
    </pitch>
    <duration>256</duration>
    <instrument id="P2-I1" />
    <voice>1</voice>
    <type>quarter</type>
    <stem>down</stem>
    <staff>1</staff>
   </note>
   <note color="#000000" default-x="251" default-y="10">
    <pitch>
     <step>C</step>
     <octave>3</octave>
    </pitch>
    <duration>512</duration>
    <instrument id="P2-I1" />
    <voice>1</voice>
    <type>half</type>
    <stem>up</stem>
    <staff>1</staff>
   </note>
   <note color="#000000" default-x="327">
    <pitch>
     <step>F</step>
     <octave>3</octave>
    </pitch>
    <duration>1024</duration>
    <instrument id="P2-I1" />
    <voice>1</voice>
    <type>whole</type>
    <staff>1</staff>
   </note>
   <note color="#000000" default-x="478" default-y="-40">
    <pitch>
     <step>G</step>
     <octave>3</octave>
    </pitch>
    <duration>512</duration>
    <instrument id="P2-I1" />
    <voice>1</voice>
    <type>half</type>
    <stem>down</stem>
    <staff>1</staff>
   </note>
  </measure>
  <!--============== Part: P2, Measure: 8 ==============-->
  <measure number="8" width="478">
   <note color="#000000" default-x="15" default-y="-35">
    <pitch>
     <step>A</step>
     <octave>3</octave>
    </pitch>
    <duration>512</duration>
    <instrument id="P2-I1" />
    <voice>1</voice>
    <type>half</type>
    <stem>down</stem>
    <staff>1</staff>
   </note>
   <note color="#000000" default-x="104" default-y="-30">
    <pitch>
     <step>B</step>
     <alter>-1</alter>
     <octave>3</octave>
    </pitch>
    <duration>512</duration>
    <instrument id="P2-I1" />
    <voice>1</voice>
    <type>half</type>
    <stem>down</stem>
    <staff>1</staff>
   </note>
   <note color="#000000" default-x="179" default-y="-40">
    <pitch>
     <step>G</step>
     <octave>3</octave>
    </pitch>
    <duration>512</duration>
    <instrument id="P2-I1" />
    <voice>1</voice>
    <type>half</type>
    <stem>down</stem>
    <staff>1</staff>
   </note>
   <note color="#000000" default-x="255" default-y="-35">
    <pitch>
     <step>A</step>
     <octave>3</octave>
    </pitch>
    <duration>768</duration>
    <instrument id="P2-I1" />
    <voice>1</voice>
    <type>half</type>
    <dot />
    <stem>down</stem>
    <staff>1</staff>
   </note>
   <note color="#000000" default-x="345" default-y="-40">
    <pitch>
     <step>G</step>
     <octave>3</octave>
    </pitch>
    <duration>256</duration>
    <instrument id="P2-I1" />
    <voice>1</voice>
    <type>quarter</type>
    <stem>down</stem>
    <staff>1</staff>
   </note>
   <note color="#000000" default-x="389" default-y="-45">
    <pitch>
     <step>F</step>
     <octave>3</octave>
    </pitch>
    <duration>256</duration>
    <instrument id="P2-I1" />
    <voice>1</voice>
    <type>quarter</type>
    <stem>down</stem>
    <staff>1</staff>
   </note>
   <note color="#000000" default-x="434" default-y="-50">
    <pitch>
     <step>E</step>
     <octave>3</octave>
    </pitch>
    <duration>256</duration>
    <instrument id="P2-I1" />
    <voice>1</voice>
    <type>quarter</type>
    <stem>down</stem>
    <staff>1</staff>
   </note>
  </measure>
  <!--============== Part: P2, Measure: 9 ==============-->
  <measure number="9" width="767">
   <print new-system="yes">
    <system-layout>
     <system-margins>
      <left-margin>22</left-margin>
      <right-margin>0</right-margin>
     </system-margins>
    </system-layout>
    <staff-layout number="1">
     <staff-distance>88</staff-distance>
    </staff-layout>
   </print>
   <attributes>
    <staff-details number="1" print-object="yes" />
   </attributes>
   <note color="#000000" default-x="73" default-y="-45">
    <pitch>
     <step>F</step>
     <octave>3</octave>
    </pitch>
    <duration>512</duration>
    <instrument id="P2-I1" />
    <voice>1</voice>
    <type>half</type>
    <stem>down</stem>
    <staff>1</staff>
   </note>
   <note color="#000000" default-x="206" default-y="-40">
    <pitch>
     <step>G</step>
     <octave>3</octave>
    </pitch>
    <duration>512</duration>
    <instrument id="P2-I1" />
    <voice>1</voice>
    <type>half</type>
    <stem>down</stem>
    <staff>1</staff>
   </note>
   <note color="#000000" default-x="339">
    <pitch>
     <step>C</step>
     <octave>3</octave>
    </pitch>
    <duration>1024</duration>
    <instrument id="P2-I1" />
    <voice>1</voice>
    <type>whole</type>
    <staff>1</staff>
   </note>
   <note color="#000000" default-x="574">
    <pitch>
     <step>D</step>
     <octave>3</octave>
    </pitch>
    <duration>1024</duration>
    <instrument id="P2-I1" />
    <voice>1</voice>
    <type>whole</type>
    <staff>1</staff>
   </note>
  </measure>
  <!--============== Part: P2, Measure: 10 ==============-->
  <measure number="10" width="265">
   <note color="#000000" default-x="15">
    <pitch>
     <step>C</step>
     <octave>3</octave>
    </pitch>
    <duration>3072</duration>
    <instrument id="P2-I1" />
    <voice>1</voice>
    <type>breve</type>
    <dot />
    <staff>1</staff>
   </note>
   <barline>
    <bar-style>light-heavy</bar-style>
   </barline>
  </measure>
 </part>
</score-partwise>
